month,population,zero_share,earner_median_nom,earner_median_real,combined_median_nom,combined_median_real,earner_trimmed_mean_real,per_capita_trimmed_mean_real,ft_earner_median_nom,cpi_u,n_unweighted
2015-01,A,0.2867,694.0000,994.7332,467.3000,669.7966,1254.0719,894.5274,805.0000,233.7070,19317
2015-01,B,0.3189,700.0000,1003.3332,440.0000,630.6666,1264.6470,861.3796,807.0000,233.7070,19213
2015-01,C,0.2517,775.0000,1110.8332,576.9200,826.9186,1360.6296,1018.2001,865.0000,233.7070,12255
2015-01,D,0.4235,694.0000,994.7332,288.0000,412.8000,1254.0719,722.9663,805.0000,233.7070,24350
2015-02,A,0.2832,700.0000,998.9946,476.0000,679.3163,1252.6922,897.9006,800.0000,234.7220,18943
2015-02,B,0.3159,700.0000,998.9946,440.0000,627.9394,1257.9793,860.5655,800.0000,234.7220,18853
2015-02,C,0.2485,769.2300,1097.7951,576.9200,823.3428,1352.9474,1016.7312,846.0000,234.7220,12073
2015-02,D,0.4210,700.0000,998.9946,288.4600,411.6714,1252.6922,725.3022,800.0000,234.7220,23844
2015-03,A,0.2831,692.3000,982.1601,471.1500,668.4165,1244.5039,892.2256,800.0000,236.1190,18330
2015-03,B,0.3176,700.0000,993.0840,440.0000,624.2242,1251.1213,853.7505,800.0000,236.1190,18308
2015-03,C,0.2481,769.0000,1090.9737,569.2300,807.5617,1328.3561,998.8106,826.9200,236.1190,11638
2015-03,D,0.4214,692.3000,982.1601,300.0000,425.6074,1244.5039,720.0156,800.0000,236.1190,23137
2015-04,A,0.2798,680.0000,962.7530,461.5300,653.4403,1222.8797,880.7085,800.0000,236.5990,19283
2015-04,B,0.3118,692.0000,979.7428,440.0000,622.9578,1228.7452,845.6113,800.0000,236.5990,19092
2015-04,C,0.2426,750.0000,1061.8599,560.0000,792.8554,1305.0279,988.3657,812.8000,236.5990,12116
2015-04,D,0.4175,680.0000,962.7530,297.0000,420.4965,1222.8797,712.3150,800.0000,236.5990,24093
2015-05,A,0.2752,700.0000,986.0432,480.0000,676.1439,1238.6844,897.7543,800.0000,237.8050,18718
2015-05,B,0.3094,700.0000,986.0432,450.0000,633.8849,1241.1787,857.1117,800.0000,237.8050,18607
2015-05,C,0.2427,769.2300,1083.5629,594.0000,836.7281,1321.9132,1001.1157,843.7500,237.8050,11943
2015-05,D,0.4158,700.0000,986.0432,307.0000,432.4504,1238.6844,723.6616,800.0000,237.8050,23580
2015-06,A,0.2768,700.0000,982.6013,480.0000,673.7837,1232.5102,891.3002,800.0000,238.6380,18645
2015-06,B,0.3069,702.0000,985.4087,459.6000,645.1479,1238.8463,858.6735,800.0000,238.6380,18412
2015-06,C,0.2458,769.2300,1079.7805,586.0000,822.5776,1327.8830,1001.4816,830.7600,238.6380,11821
2015-06,D,0.4155,700.0000,982.6013,310.0000,435.1520,1232.5102,720.4230,800.0000,238.6380,23449
2015-07,A,0.2742,698.8000,980.8510,480.7600,674.8053,1233.2584,895.0904,800.0000,238.6540,18091
2015-07,B,0.3082,700.0000,982.5354,460.0000,645.6661,1232.7269,852.7956,788.4600,238.6540,18047
2015-07,C,0.2503,769.0000,1079.3853,576.0000,808.4863,1315.9873,986.6204,811.0000,238.6540,11431
2015-07,D,0.4169,698.8000,980.8510,315.0000,442.1409,1233.2584,719.1207,800.0000,238.6540,22980
2015-08,A,0.2761,720.0000,1012.0412,480.0000,674.6941,1253.5952,907.5108,807.0000,238.3160,18673
2015-08,B,0.3082,720.0000,1012.0412,450.0000,632.5257,1254.0781,867.5135,807.0000,238.3160,18597
2015-08,C,0.2477,795.0000,1117.4621,578.5000,813.1470,1339.1380,1007.3789,865.0000,238.3160,11942
2015-08,D,0.4170,720.0000,1012.0412,319.9500,449.7258,1253.5952,730.8131,807.0000,238.3160,23398
2015-09,A,0.2758,711.5300,1001.6950,489.6000,689.2610,1255.2521,909.0755,800.0000,237.9450,18163
2015-09,B,0.3102,720.0000,1013.6191,461.0000,648.9978,1259.6184,868.9080,800.0000,237.9450,18077
2015-09,C,0.2413,769.2300,1082.9253,600.0000,844.6826,1349.2475,1023.6305,826.9200,237.9450,11488
2015-09,D,0.4187,711.5300,1001.6950,315.0000,443.4584,1255.2521,729.7341,800.0000,237.9450,23183
2015-10,A,0.2714,718.0000,1011.2583,500.0000,704.2188,1255.9825,915.1644,807.6900,237.8380,18753
2015-10,B,0.3078,720.0000,1014.0751,475.0000,669.0079,1264.0521,874.9190,807.6900,237.8380,18683
2015-10,C,0.2437,780.0000,1098.5814,576.9200,812.5559,1342.7724,1015.5981,865.0000,237.8380,11941
2015-10,D,0.4154,718.0000,1011.2583,316.8000,446.1931,1255.9825,734.2514,807.6900,237.8380,23764
2015-11,A,0.2765,720.0000,1016.2200,480.7600,678.5527,1275.5533,922.8594,807.6900,237.3360,18442
2015-11,B,0.3096,720.0000,1016.2200,456.0000,643.6060,1278.7233,882.8121,807.6900,237.3360,18330
2015-11,C,0.2408,769.2300,1085.7041,600.0000,846.8500,1359.8032,1032.3521,851.0000,237.3360,11696
2015-11,D,0.4164,720.0000,1016.2200,315.0000,444.5963,1275.5533,744.3652,807.6900,237.3360,23561
2015-12,A,0.2744,720.0000,1019.7045,500.0000,708.1281,1282.6724,930.6654,826.0000,236.5250,18405
2015-12,B,0.3078,720.0000,1019.7045,465.0000,658.5591,1289.1890,892.4099,817.0000,236.5250,18262
2015-12,C,0.2442,800.0000,1133.0050,600.0000,849.7537,1379.2527,1042.3804,865.3800,236.5250,11625
2015-12,D,0.4163,720.0000,1019.7045,320.0000,453.2020,1282.6724,748.6618,826.0000,236.5250,23503
2016-01,A,0.2815,716.8000,1013.4970,480.0000,678.6811,1263.1497,907.5855,810.0000,236.9160,19079
2016-01,B,0.3135,720.0000,1018.0216,461.5300,652.5660,1270.0088,871.8268,810.0000,236.9160,18954
2016-01,C,0.2455,770.0000,1088.7175,592.0000,837.0400,1348.1835,1017.2651,852.0000,236.9160,12012
2016-01,D,0.4212,716.8000,1013.4970,300.0000,424.1757,1263.1497,731.0762,810.0000,236.9160,24014
2016-02,A,0.2747,720.0000,1017.1844,495.0000,699.3142,1272.0615,922.5862,840.0000,237.1110,18299
2016-02,B,0.3083,730.0000,1031.3119,461.5300,652.0293,1281.8322,886.6722,840.0000,237.1110,18142
2016-02,C,0.2413,800.0000,1130.2048,600.0000,847.6536,1365.1378,1035.6829,865.3800,237.1110,11630
2016-02,D,0.4175,720.0000,1017.1844,300.0000,423.8268,1272.0615,741.0211,840.0000,237.1110,23386
2016-03,A,0.2736,720.0000,1012.8231,480.7600,676.2845,1274.3963,925.7161,826.0000,238.1320,18086
2016-03,B,0.3057,720.0000,1012.8231,461.5300,649.2337,1279.0752,888.1142,814.8000,238.1320,17985
2016-03,C,0.2383,780.0000,1097.2251,595.0000,836.9858,1354.7522,1031.8764,860.0000,238.1320,11428
2016-03,D,0.4143,720.0000,1012.8231,312.0000,438.8900,1274.3963,746.3620,826.0000,238.1320,22890
2016-04,A,0.2728,720.0000,1008.0439,500.0000,700.0305,1259.4778,915.8466,817.3000,239.2610,18662
2016-04,B,0.3036,730.0000,1022.0445,480.0000,672.0293,1266.9528,882.3364,808.0000,239.2610,18389
2016-04,C,0.2358,780.0000,1092.0476,600.0000,840.0366,1350.2427,1031.8842,865.0000,239.2610,11734
2016-04,D,0.4133,720.0000,1008.0439,320.0000,448.0195,1259.4778,738.8740,817.3000,239.2610,23471
2016-05,A,0.2697,706.0800,984.5717,500.0000,697.2097,1253.8938,915.7376,812.0000,240.2290,18499
2016-05,B,0.3042,720.0000,1003.9820,480.0000,669.3214,1261.6702,877.9044,811.6000,240.2290,18329
2016-05,C,0.2349,800.0000,1115.5356,600.0000,836.6517,1364.0922,1043.6488,865.3800,240.2290,11745
2016-05,D,0.4127,706.0800,984.5717,320.0000,446.2142,1253.8938,736.4299,812.0000,240.2290,23473
2016-06,A,0.2701,720.0000,1000.6954,500.0000,694.9273,1258.8692,918.8111,807.6900,241.0180,18154
2016-06,B,0.3036,730.0000,1014.5939,480.0000,667.1303,1262.1011,878.8990,807.6900,241.0180,17995
2016-06,C,0.2404,800.0000,1111.8838,600.0000,833.9128,1362.0988,1034.6884,865.3800,241.0180,11495
2016-06,D,0.4133,720.0000,1000.6954,333.0000,462.8216,1258.8692,738.6374,807.6900,241.0180,22994
2016-07,A,0.2676,730.0000,1016.2383,500.0000,696.0537,1254.9360,919.1779,807.6900,240.6280,17991
2016-07,B,0.3021,730.7600,1017.2963,480.0000,668.2115,1254.8416,875.8075,807.5000,240.6280,17904
2016-07,C,0.2421,800.0000,1113.6859,600.0000,835.2644,1351.2621,1024.0550,865.3800,240.6280,11356
2016-07,D,0.4124,730.0000,1016.2383,325.0000,452.4349,1254.9360,737.4609,807.6900,240.6280,23006
2016-08,A,0.2675,730.0000,1015.3059,500.0000,695.4150,1270.1059,930.3406,822.0000,240.8490,18905
2016-08,B,0.3025,738.4600,1027.0723,480.0000,667.5984,1274.5191,888.9796,822.0000,240.8490,18835
2016-08,C,0.2399,800.0000,1112.6640,600.0000,834.4980,1355.4491,1030.2519,866.4000,240.8490,11917
2016-08,D,0.4134,730.0000,1015.3059,340.0000,472.8822,1270.1059,745.0012,822.0000,240.8490,23964
2016-09,A,0.2693,750.0000,1040.6208,518.0000,718.7221,1283.2652,937.7290,832.0000,241.4280,18780
2016-09,B,0.3035,750.0000,1040.6208,484.0000,671.5473,1295.5109,902.3194,840.0000,241.4280,18635
2016-09,C,0.2346,800.0000,1109.9955,618.7500,858.5122,1374.0745,1051.7483,880.0000,241.4280,11825
2016-09,D,0.4138,750.0000,1040.6208,345.0000,478.6856,1283.2652,752.2101,832.0000,241.4280,23937
2016-10,A,0.2669,750.0000,1039.3250,520.0000,720.5987,1278.9529,937.6246,865.0000,241.7290,18898
2016-10,B,0.2992,750.0000,1039.3250,500.0000,692.8834,1287.4922,902.2950,864.0000,241.7290,18741
2016-10,C,0.2317,807.6900,1119.2699,614.0000,850.8608,1374.7612,1056.1854,900.0000,241.7290,11955
2016-10,D,0.4115,750.0000,1039.3250,343.5000,476.0109,1278.9529,752.7157,865.0000,241.7290,24046
2016-11,A,0.2706,730.7600,1014.2405,500.0000,693.9628,1276.6550,931.2071,846.0000,241.3530,18902
2016-11,B,0.3020,744.8000,1033.7270,480.0000,666.2043,1285.0116,896.9706,846.0000,241.3530,18752
2016-11,C,0.2330,800.0000,1110.3405,600.0000,832.7553,1367.8968,1049.1913,865.3800,241.3530,11799
2016-11,D,0.4126,730.7600,1014.2405,325.0000,451.0758,1276.6550,749.8751,846.0000,241.3530,24006
2016-12,A,0.2716,728.4000,1010.6342,500.0000,693.7357,1273.1701,927.3532,840.0000,241.4320,18497
2016-12,B,0.3044,730.7600,1013.9086,479.0000,664.5988,1278.1069,888.9980,840.0000,241.4320,18341
2016-12,C,0.2363,800.0000,1109.9771,600.0000,832.4829,1374.5298,1049.6860,875.0000,241.4320,11673
2016-12,D,0.4158,728.4000,1010.6342,320.0000,443.9909,1273.1701,743.7345,840.0000,241.4320,23636
2017-01,A,0.2742,742.5000,1024.2286,500.0000,689.7162,1275.9433,926.0675,846.1500,242.8390,18761
2017-01,B,0.3071,750.0000,1034.5743,480.0000,662.1276,1283.7838,889.5851,846.0000,242.8390,18597
2017-01,C,0.2422,800.0000,1103.5460,600.0000,827.6595,1360.8482,1031.2745,865.3800,242.8390,11721
2017-01,D,0.4181,742.5000,1024.2286,325.0000,448.3156,1275.9433,742.5277,846.1500,242.8390,23637
2017-02,A,0.2696,750.0000,1031.3297,520.0000,715.0552,1285.6153,938.9817,884.6100,243.6030,18385
2017-02,B,0.3027,760.0000,1045.0807,490.0000,673.8020,1294.6777,902.8066,884.6100,243.6030,18196
2017-02,C,0.2352,834.0000,1146.8386,627.5000,862.8792,1389.4249,1062.6133,920.0000,243.6030,11578
2017-02,D,0.4143,750.0000,1031.3297,322.5000,443.4718,1285.6153,752.9704,884.6100,243.6030,23584
2017-03,A,0.2639,750.0000,1030.4921,520.0000,714.4745,1275.9750,939.2524,865.0000,243.8010,18330
2017-03,B,0.2969,760.0000,1044.2320,500.0000,686.9947,1280.9197,900.6466,860.0000,243.8010,18173
2017-03,C,0.2313,807.6900,1109.7575,615.3800,845.5256,1374.2413,1056.4358,900.0000,243.8010,11531
2017-03,D,0.4107,750.0000,1030.4921,332.5000,456.8515,1275.9750,751.9721,865.0000,243.8010,23480
2017-04,A,0.2623,756.0000,1035.6647,538.4600,737.6508,1284.9434,947.8539,865.3800,244.5240,18143
2017-04,B,0.2962,760.0000,1041.1444,500.0000,684.9634,1289.3642,907.4215,865.0000,244.5240,17910
2017-04,C,0.2284,817.0000,1119.2303,640.0000,876.7532,1379.3109,1064.2871,900.0000,244.5240,11393
2017-04,D,0.4090,756.0000,1035.6647,348.2500,477.0770,1284.9434,759.3787,865.3800,244.5240,23207
2017-05,A,0.2621,757.0000,1036.1490,521.6000,713.9436,1278.0237,943.0960,865.3800,244.7330,18214
2017-05,B,0.2958,761.6000,1042.4453,500.0000,684.3785,1291.0959,909.1496,865.3800,244.7330,17924
2017-05,C,0.2315,840.0000,1149.7559,640.0000,876.0045,1391.2280,1069.2124,923.0000,244.7330,11398
2017-05,D,0.4095,757.0000,1036.1490,352.0000,481.8025,1278.0237,754.6155,865.3800,244.7330,23317
2017-06,A,0.2633,760.0000,1039.3125,540.0000,738.4589,1283.0282,945.2279,844.0000,244.9550,17968
2017-06,B,0.2948,760.0000,1039.3125,500.0000,683.7582,1287.4771,907.9460,840.0000,244.9550,17821
2017-06,C,0.2351,807.0000,1103.5858,615.3800,841.5423,1362.1138,1041.8569,880.0000,244.9550,11321
2017-06,D,0.4091,760.0000,1039.3125,360.0000,492.3059,1283.0282,758.1658,844.0000,244.9550,22997
2017-07,A,0.2575,756.0000,1034.5562,553.0000,756.7587,1284.5300,953.7166,850.0000,244.7860,17656
2017-07,B,0.2928,760.0000,1040.0301,519.0000,710.2311,1281.0981,905.9319,846.0000,244.7860,17516
2017-07,C,0.2328,807.0000,1104.3477,640.0000,875.8148,1364.9781,1047.2453,876.2500,244.7860,11122
2017-07,D,0.4074,756.0000,1034.5562,365.3800,500.0081,1284.5300,761.2469,850.0000,244.7860,22701
2017-08,A,0.2649,765.0000,1043.7469,540.0000,736.7625,1277.8630,939.3035,850.0000,245.5190,17946
2017-08,B,0.2985,769.0000,1049.2044,504.0000,687.6450,1282.2600,899.5436,850.0000,245.5190,17769
2017-08,C,0.2346,807.6900,1101.9921,628.0000,856.8275,1354.7444,1036.9667,880.0000,245.5190,11167
2017-08,D,0.4121,765.0000,1043.7469,360.0000,491.1750,1277.8630,751.2111,850.0000,245.5190,23021
2017-09,A,0.2571,769.0000,1043.6782,550.0000,746.4539,1285.4673,954.9653,880.0000,246.8190,18015
2017-09,B,0.2927,769.2300,1043.9904,500.0000,678.5944,1292.6831,914.2664,880.0000,246.8190,17817
2017-09,C,0.2254,841.6200,1142.2373,650.0000,882.1728,1377.2182,1066.8015,920.0000,246.8190,11282
2017-09,D,0.4077,769.0000,1043.6782,360.0000,488.5880,1285.4673,761.3808,880.0000,246.8190,23180
2017-10,A,0.2576,760.0000,1032.1159,560.0000,760.5064,1295.5644,961.8450,865.3800,246.6630,18088
2017-10,B,0.2915,769.0000,1044.3383,520.0000,706.1846,1302.5807,922.8221,865.0000,246.6630,17893
2017-10,C,0.2249,817.0000,1109.5246,640.0000,869.1502,1381.8081,1071.0768,900.0000,246.6630,11393
2017-10,D,0.4081,760.0000,1032.1159,363.0000,492.9711,1295.5644,766.9043,865.3800,246.6630,23218
2017-11,A,0.2612,759.0000,1030.7328,540.0000,733.3277,1269.1554,937.6460,847.5000,246.6690,18288
2017-11,B,0.2933,768.0000,1042.9549,511.2000,694.2168,1278.7595,903.7187,848.7000,246.6690,18013
2017-11,C,0.2234,807.0000,1095.9174,640.0000,869.1291,1359.7834,1056.0156,882.4000,246.6690,11437
2017-11,D,0.4097,759.0000,1030.7328,352.9400,479.2975,1269.1554,749.1675,847.5000,246.6690,23377
2017-12,A,0.2624,760.0000,1032.6978,540.5000,734.4384,1287.6096,949.7812,850.0000,246.5240,17850
2017-12,B,0.2956,769.0000,1044.9271,507.5000,689.5976,1294.6902,911.9773,850.0000,246.5240,17644
2017-12,C,0.2243,807.0000,1096.5620,640.0000,869.6403,1378.6373,1069.4521,876.7500,246.5240,11342
2017-12,D,0.4117,760.0000,1032.6978,350.0000,475.5845,1287.6096,757.5420,850.0000,246.5240,22891
2018-01,A,0.2615,769.0000,1039.2655,553.0000,747.3522,1285.7539,949.5613,876.9200,247.8670,18117
2018-01,B,0.2988,769.2300,1039.5763,507.6900,686.1179,1289.2774,904.0058,876.9200,247.8670,18038
2018-01,C,0.2336,830.0000,1121.7040,640.0000,864.9284,1372.1003,1051.6245,900.0000,247.8670,11352
2018-01,D,0.4156,769.0000,1039.2655,342.0000,462.1961,1285.7539,751.4191,876.9200,247.8670,23358
2018-02,A,0.2599,769.2300,1034.8835,560.0000,753.3959,1294.6055,958.1548,880.0000,248.9910,17876
2018-02,B,0.2925,769.2300,1034.8835,520.0000,699.5819,1302.3909,921.3905,880.0000,248.9910,17646
2018-02,C,0.2238,850.0000,1143.5474,661.0000,889.2762,1400.8938,1087.4222,923.0700,248.9910,11095
2018-02,D,0.4098,769.2300,1034.8835,359.0000,482.9806,1294.6055,764.1070,880.0000,248.9910,23080
2018-03,A,0.2570,769.2300,1032.5487,560.0000,751.6962,1296.7278,963.4154,876.0000,249.5540,17311
2018-03,B,0.2913,769.2300,1032.5487,524.0000,703.3729,1304.2293,924.2603,875.0000,249.5540,17145
2018-03,C,0.2263,850.0000,1140.9675,653.0000,876.5315,1400.5157,1083.5864,920.0000,249.5540,10822
2018-03,D,0.4087,769.2300,1032.5487,360.0000,483.2333,1296.7278,766.7948,876.0000,249.5540,22485
2018-04,A,0.2548,769.2300,1028.4605,560.0000,748.7200,1291.2678,962.2610,880.0000,250.5460,17651
2018-04,B,0.2915,769.2300,1028.4605,525.0000,701.9250,1293.9433,916.7901,868.8000,250.5460,17483
2018-04,C,0.2207,850.0000,1136.4500,660.0000,882.4200,1384.5940,1079.0401,900.0000,250.5460,11216
2018-04,D,0.4068,769.2300,1028.4605,370.0000,494.6900,1291.2678,765.9669,880.0000,250.5460,22831
2018-05,A,0.2539,769.0000,1023.8947,560.0000,745.6190,1261.8970,941.5225,865.3800,251.5880,17533
2018-05,B,0.2896,769.2300,1024.2009,520.0000,692.3605,1270.7203,902.7349,865.3800,251.5880,17242
2018-05,C,0.2221,840.0000,1118.4285,655.2000,872.3743,1359.4499,1057.5243,906.0000,251.5880,10913
2018-05,D,0.4055,769.0000,1023.8947,368.7500,490.9768,1261.8970,750.1653,865.3800,251.5880,22687
2018-06,A,0.2535,769.0000,1022.2653,560.0000,744.4325,1268.0510,946.5790,865.3800,251.9890,17668
2018-06,B,0.2861,769.0000,1022.2653,520.0000,691.2587,1268.9832,905.8898,865.3800,251.9890,17476
2018-06,C,0.2258,826.9200,1099.2609,654.0000,869.3908,1356.9833,1050.5640,900.0000,251.9890,11206
2018-06,D,0.4052,769.0000,1022.2653,374.9200,498.3976,1268.0510,754.2083,865.3800,251.9890,22713
2018-07,A,0.2543,800.0000,1063.4033,580.0000,770.9674,1310.7892,977.4017,900.0000,252.0060,17474
2018-07,B,0.2850,800.0000,1063.4033,560.0000,744.3823,1315.1823,940.2973,900.0000,252.0060,17219
2018-07,C,0.2231,884.0000,1175.0606,692.0000,919.8438,1408.8524,1094.5304,960.0000,252.0060,10831
2018-07,D,0.4046,800.0000,1063.4033,388.5000,516.4152,1310.7892,780.4186,900.0000,252.0060,22484
2018-08,A,0.2597,769.2300,1021.9344,560.0000,743.9690,1293.0583,957.1921,875.0000,252.1460,17319
2018-08,B,0.2919,780.0000,1036.2425,538.4600,715.3527,1297.0132,918.4043,865.3800,252.1460,17085
2018-08,C,0.2279,848.4000,1127.1130,658.9200,875.3858,1375.2620,1061.7850,920.0000,252.1460,10801
2018-08,D,0.4091,769.2300,1021.9344,385.0000,511.4787,1293.0583,764.1105,875.0000,252.1460,22220
2018-09,A,0.2535,784.6100,1041.1571,576.9200,765.5579,1282.2121,957.2305,880.0000,252.4390,17680
2018-09,B,0.2889,791.6000,1050.4327,550.0000,729.8357,1285.4409,914.0199,880.0000,252.4390,17478
2018-09,C,0.2206,854.0000,1133.2358,673.0700,893.1464,1370.0489,1067.7509,923.0000,252.4390,11042
2018-09,D,0.4066,784.6100,1041.1571,384.6100,510.3675,1282.2121,760.8526,880.0000,252.4390,22690
2018-10,A,0.2530,780.0000,1033.2143,576.9200,764.2077,1302.3688,972.9050,880.0000,252.8850,17288
2018-10,B,0.2871,798.0000,1057.0577,560.0000,741.7949,1309.1039,933.2349,880.0000,252.8850,17068
2018-10,C,0.2175,840.0000,1112.6923,673.0700,891.5712,1384.2603,1083.2040,905.6000,252.8850,10808
2018-10,D,0.4051,780.0000,1033.2143,394.4000,522.4355,1302.3688,774.7901,880.0000,252.8850,22347
2018-11,A,0.2499,799.0800,1062.0455,579.0000,769.5404,1293.1851,970.0766,896.0000,252.0380,17553
2018-11,B,0.2846,800.0000,1063.2682,560.0000,744.2878,1302.1842,931.5873,893.2000,252.0380,17381
2018-11,C,0.2154,865.0000,1149.6588,680.0000,903.7780,1382.2318,1084.5052,923.0700,252.0380,10985
2018-11,D,0.4047,799.0800,1062.0455,384.6100,511.1795,1293.1851,769.8357,896.0000,252.0380,22726
2018-12,A,0.2539,800.0000,1066.6752,576.9200,769.2328,1332.7037,994.3131,920.0000,251.2330,17384
2018-12,B,0.2874,800.0000,1066.6752,560.0000,746.6726,1343.0367,957.0029,920.0000,251.2330,17144
2018-12,C,0.2194,865.3800,1153.8492,686.8000,915.7406,1419.4688,1108.0513,960.0000,251.2330,11065
2018-12,D,0.4065,800.0000,1066.6752,397.5000,530.0042,1332.7037,790.9543,920.0000,251.2330,22385
2019-01,A,0.2586,800.0000,1064.6453,576.9200,767.7690,1313.8517,974.1366,900.0000,251.7120,17435
2019-01,B,0.2932,800.0000,1064.6453,550.0000,731.9436,1320.5616,933.3588,900.0000,251.7120,17267
2019-01,C,0.2219,865.3800,1151.6534,680.0000,904.9485,1403.9589,1092.3973,940.0000,251.7120,10944
2019-01,D,0.4110,800.0000,1064.6453,366.0000,487.0752,1313.8517,773.8062,900.0000,251.7120,22624
2019-02,A,0.2549,800.0000,1060.1639,598.5000,793.1351,1326.4815,988.2983,909.0000,252.7760,16819
2019-02,B,0.2874,800.0000,1060.1639,561.2000,743.7050,1341.2135,955.7482,914.0000,252.7760,16462
2019-02,C,0.2180,868.0000,1150.2779,700.0000,927.6434,1426.3972,1115.4349,955.0300,252.7760,10328
2019-02,D,0.4055,800.0000,1060.1639,384.6100,509.6871,1326.4815,788.5668,909.0000,252.7760,21840
2019-03,A,0.2511,795.0000,1047.6279,591.2600,779.1452,1309.9601,981.0200,900.0000,254.2020,16859
2019-03,B,0.2866,800.0000,1054.2167,560.0000,737.9517,1320.7902,942.2049,900.0000,254.2020,16580
2019-03,C,0.2183,865.3800,1140.3726,675.0000,889.4954,1405.7950,1098.8951,961.0000,254.2020,10415
2019-03,D,0.4051,795.0000,1047.6279,384.6100,506.8279,1309.9601,779.2914,900.0000,254.2020,21786
2019-04,A,0.2477,800.0000,1048.6640,600.0000,786.4980,1295.2963,974.4097,920.0000,255.5480,16985
2019-04,B,0.2835,800.0000,1048.6640,576.0000,755.0381,1302.1268,932.9746,920.0000,255.5480,16720
2019-04,C,0.2171,896.0000,1174.5037,700.0000,917.5810,1403.5617,1098.7879,961.5300,255.5480,10618
2019-04,D,0.4036,800.0000,1048.6640,396.0000,519.0887,1295.2963,772.5361,920.0000,255.5480,22052
2019-05,A,0.2501,800.0000,1046.4364,600.0000,784.8273,1307.0877,980.1773,900.0000,256.0920,16707
2019-05,B,0.2839,800.0000,1046.4364,576.0000,753.4342,1313.6767,940.7720,900.0000,256.0920,16383
2019-05,C,0.2152,860.7000,1125.8348,692.0000,905.1675,1385.2834,1087.2346,923.0700,256.0920,10342
2019-05,D,0.4038,800.0000,1046.4364,400.0000,523.2182,1307.0877,779.2452,900.0000,256.0920,21636
2019-06,A,0.2466,800.0000,1046.2281,600.0000,784.6711,1307.9182,985.3368,903.8400,256.1430,16852
2019-06,B,0.2824,800.0000,1046.2281,571.1500,746.9415,1313.6763,942.6781,903.0000,256.1430,16684
2019-06,C,0.2201,892.6000,1167.3290,700.0000,915.4496,1409.3792,1099.1946,961.0000,256.1430,10586
2019-06,D,0.4038,800.0000,1046.2281,400.0000,523.1140,1307.9182,779.8044,903.8400,256.1430,21930
2019-07,A,0.2495,807.0000,1053.6220,600.0000,783.3621,1309.5333,982.8556,923.0000,256.5710,16614
2019-07,B,0.2808,810.0000,1057.5388,580.0000,757.2500,1313.1188,944.4324,920.0000,256.5710,16341
2019-07,C,0.2238,920.0000,1201.1552,720.0000,940.0345,1417.1887,1100.0214,974.0000,256.5710,10241
2019-07,D,0.4023,807.0000,1053.6220,400.0000,522.2414,1309.5333,782.6662,923.0000,256.5710,21561
2019-08,A,0.2526,801.5300,1046.5334,600.0000,783.4018,1326.8360,991.7298,923.0000,256.5580,16701
2019-08,B,0.2852,807.6900,1054.5763,576.9200,753.2669,1332.6645,952.6225,923.0000,256.5580,16387
2019-08,C,0.2206,894.2300,1167.5690,699.0000,912.6631,1414.7747,1102.6222,961.5300,256.5580,10370
2019-08,D,0.4052,801.5300,1046.5334,400.0000,522.2679,1326.8360,789.1908,923.0000,256.5580,21648
2019-09,A,0.2459,807.0000,1052.8506,600.0000,782.7885,1326.5584,1000.3328,923.0000,256.7590,16912
2019-09,B,0.2796,808.0000,1054.1552,576.9200,752.6773,1336.2012,962.6082,923.0000,256.7590,16671
2019-09,C,0.2132,900.0000,1174.1828,711.5300,928.2959,1430.3140,1125.4107,961.5300,256.7590,10372
2019-09,D,0.4016,807.0000,1052.8506,403.0000,525.7730,1326.5584,793.7830,923.0000,256.7590,21747
2019-10,A,0.2411,807.6900,1051.3472,600.0000,781.0030,1322.3861,1003.6020,940.0000,257.3460,16716
2019-10,B,0.2754,819.2300,1066.3685,593.7500,772.8676,1330.5832,964.1043,936.0000,257.3460,16364
2019-10,C,0.2093,913.0000,1188.4262,700.0000,911.1702,1417.1364,1120.4623,961.5300,257.3460,10331
2019-10,D,0.3996,807.6900,1051.3472,402.5000,523.9229,1322.3861,793.9353,940.0000,257.3460,21790
2019-11,A,0.2419,840.0000,1093.9909,630.0000,820.4931,1336.3890,1013.0631,960.0000,257.2080,16882
2019-11,B,0.2771,850.0000,1107.0146,600.0000,781.4220,1345.3619,972.6197,960.0000,257.2080,16584
2019-11,C,0.2068,918.8000,1196.6176,732.0000,953.3349,1427.6175,1132.3516,980.0000,257.2080,10484
2019-11,D,0.4001,840.0000,1093.9909,415.3800,540.9785,1336.3890,801.6809,960.0000,257.2080,21942
2019-12,A,0.2463,807.5000,1052.6215,600.0000,782.1336,1326.1171,999.5222,923.0700,256.9740,16743
2019-12,B,0.2794,813.5000,1060.4428,596.0000,776.9194,1334.0608,961.3048,925.0000,256.9740,16404
2019-12,C,0.2103,900.0000,1173.2004,720.0000,938.5603,1420.1739,1121.4861,961.5300,256.9740,10454
2019-12,D,0.4020,807.5000,1052.6215,400.0000,521.4224,1326.1171,793.0623,923.0700,256.9740,21808
2020-01,A,0.2476,816.0000,1059.5907,608.0000,789.4990,1334.9990,1004.4110,960.0000,257.9710,16543
2020-01,B,0.2839,832.0000,1080.3670,600.0000,779.1108,1344.5237,962.7729,953.8400,257.9710,16303
2020-01,C,0.2132,920.0000,1194.6366,730.7600,948.9051,1437.2243,1130.7928,973.7000,257.9710,10323
2020-01,D,0.4058,816.0000,1059.5907,400.0000,519.4072,1334.9990,793.2893,960.0000,257.9710,21696
2020-02,A,0.2485,825.0000,1068.3495,601.2000,778.5354,1352.9195,1016.7128,961.0000,258.6780,16448
2020-02,B,0.2822,840.0000,1087.7740,600.0000,776.9814,1365.6181,980.2148,961.5300,258.6780,16087
2020-02,C,0.2133,923.0700,1195.3471,731.3000,947.0109,1458.6440,1147.5650,1000.0000,258.6780,10076
2020-02,D,0.4033,825.0000,1068.3495,400.0000,517.9876,1352.9195,807.2833,961.0000,258.6780,21585
2020-03,A,0.2594,865.0000,1122.5915,600.0000,778.6762,1346.6909,997.3962,961.5300,258.1150,15544
2020-03,B,0.2935,865.3800,1123.0846,576.9200,748.7231,1358.6361,959.8358,961.5300,258.1150,15257
2020-03,C,0.2206,923.0700,1197.9544,725.3800,941.3935,1443.1314,1124.7169,1000.0000,258.1150,9518
2020-03,D,0.4141,865.0000,1122.5915,384.0000,498.3527,1346.6909,789.0070,961.5300,258.1150,20321
2020-04,A,0.3711,920.0000,1202.0079,520.0000,679.3958,1423.6944,895.2958,1000.0000,256.3890,15715
2020-04,B,0.3980,923.0700,1206.0189,480.7600,628.1275,1434.4421,863.5269,1000.0000,256.3890,15461
2020-04,C,0.3251,1000.0000,1306.5303,660.0000,862.3100,1514.0046,1021.7465,1050.0000,256.3890,9714
2020-04,D,0.5033,920.0000,1202.0079,0.0000,0.0000,1423.6944,707.2010,1000.0000,256.3890,20647
2020-05,A,0.3504,920.0000,1201.9844,550.0000,718.5777,1443.0806,937.4660,1000.0000,256.3940,15712
2020-05,B,0.3775,920.0000,1201.9844,500.0000,653.2524,1450.6349,903.0760,1000.0000,256.3940,15408
2020-05,C,0.3069,980.0000,1280.3747,673.0000,879.2778,1521.8135,1054.7122,1025.0000,256.3940,9719
2020-05,D,0.4874,920.0000,1201.9844,160.0000,209.0408,1443.0806,739.7315,1000.0000,256.3940,20577
2020-06,A,0.3267,900.0000,1169.4550,576.9200,749.6467,1415.1640,952.8044,1000.0000,257.7970,14574
2020-06,B,0.3542,900.0000,1169.4550,550.0000,714.6670,1422.5119,918.7014,1000.0000,257.7970,14259
2020-06,C,0.2871,1000.0000,1299.3945,700.0000,909.5761,1523.5426,1086.1410,1040.0000,257.7970,8867
2020-06,D,0.4682,900.0000,1169.4550,250.0000,324.8486,1415.1640,752.5794,1000.0000,257.7970,19421
2020-07,A,0.3152,900.0000,1163.5694,595.0000,769.2487,1411.5999,966.6946,1000.0000,259.1010,13674
2020-07,B,0.3482,920.0000,1189.4265,553.0000,714.9488,1417.8929,924.2293,1000.0000,259.1010,13423
2020-07,C,0.2875,1000.0000,1292.8549,692.3000,895.0435,1515.9763,1080.2024,1057.6900,259.1010,8396
2020-07,D,0.4632,900.0000,1163.5694,280.0000,361.9994,1411.5999,757.7780,1000.0000,259.1010,18317
2020-08,A,0.2997,920.0000,1185.6878,600.0000,773.2746,1424.2990,997.4292,1000.0000,259.9180,13994
2020-08,B,0.3338,923.0000,1189.5542,577.5000,744.2768,1432.1309,954.1398,1000.0000,259.9180,13774
2020-08,C,0.2683,1000.0000,1288.7911,738.4600,951.7207,1523.7735,1114.9506,1057.6900,259.9180,8764
2020-08,D,0.4508,920.0000,1185.6878,325.0000,418.8571,1424.2990,782.1986,1000.0000,259.9180,18738
2020-09,A,0.2989,865.3800,1113.7429,600.0000,772.1992,1388.8446,973.7397,961.5300,260.2800,15566
2020-09,B,0.3313,875.0000,1126.1238,560.0000,720.7192,1393.8168,931.9922,961.5300,260.2800,15302
2020-09,C,0.2662,942.3000,1212.7388,700.0000,900.8990,1472.6500,1080.6910,1000.0000,260.2800,9556
2020-09,D,0.4492,865.3800,1113.7429,312.0000,401.5436,1388.8446,765.0054,961.5300,260.2800,20593
2020-10,A,0.2843,870.0000,1119.2244,600.0000,771.8789,1371.6152,981.6953,1000.0000,260.3880,15979
2020-10,B,0.3194,880.0000,1132.0890,576.9200,742.1873,1380.3479,939.5117,1000.0000,260.3880,15710
2020-10,C,0.2553,961.0000,1236.2927,713.0000,917.2494,1471.6882,1095.9311,1000.0000,260.3880,9899
2020-10,D,0.4402,870.0000,1119.2244,324.0000,416.8146,1371.6152,767.8112,1000.0000,260.3880,20998
2020-11,A,0.2878,865.3800,1113.9611,600.0000,772.3505,1359.9997,968.5267,980.0000,260.2290,15937
2020-11,B,0.3202,865.3800,1113.9611,576.0000,741.4565,1361.7872,925.7816,978.0000,260.2290,15654
2020-11,C,0.2554,929.2000,1196.1135,692.0000,890.7776,1433.3751,1067.2931,1000.0000,260.2290,9791
2020-11,D,0.4397,865.3800,1113.9611,350.0000,450.5378,1359.9997,762.0207,980.0000,260.2290,20973
2020-12,A,0.2878,865.3800,1112.9134,600.0000,771.6240,1373.5006,978.1854,1000.0000,260.4740,15589
2020-12,B,0.3200,865.3800,1112.9134,575.0000,739.4730,1375.6167,935.4510,994.0000,260.4740,15314
2020-12,C,0.2544,961.0000,1235.8845,700.0000,900.2280,1463.4113,1091.0783,1019.0000,260.4740,9716
2020-12,D,0.4403,865.3800,1112.9134,346.1500,445.1628,1373.5006,768.6959,1000.0000,260.4740,20529
2021-01,A,0.2907,865.3800,1108.1993,600.0000,768.3556,1372.6896,973.6106,969.2300,261.5820,15710
2021-01,B,0.3260,865.3800,1108.1993,560.4000,717.6441,1380.7491,930.6060,969.2300,261.5820,15489
2021-01,C,0.2587,960.0000,1229.3690,700.0000,896.4149,1468.5491,1088.6730,1000.0000,261.5820,9793
2021-01,D,0.4450,865.3800,1108.1993,334.0000,427.7180,1372.6896,761.8185,969.2300,261.5820,20805
2021-02,A,0.2858,880.0000,1120.7860,600.0000,764.1722,1388.5174,991.7411,1000.0000,263.0140,15382
2021-02,B,0.3185,884.6100,1126.6574,576.0000,733.6054,1395.0236,950.7031,1000.0000,263.0140,15116
2021-02,C,0.2512,963.2300,1226.7894,725.0000,923.3748,1497.2877,1121.1495,1050.0000,263.0140,9589
2021-02,D,0.4403,880.0000,1120.7860,340.0000,433.0309,1388.5174,777.1515,1000.0000,263.0140,20261
2021-03,A,0.2830,901.1100,1139.6000,614.0000,776.5028,1372.3904,983.9417,1000.0000,264.8770,15168
2021-03,B,0.3146,912.0000,1153.3722,600.0000,758.7975,1380.3710,946.1575,1000.0000,264.8770,14929
2021-03,C,0.2472,961.5300,1216.0109,750.0000,948.4968,1465.5089,1103.3006,1029.0000,264.8770,9411
2021-03,D,0.4377,901.1100,1139.6000,360.0000,455.2785,1372.3904,771.6640,1000.0000,264.8770,20006
2021-04,A,0.2791,881.2000,1105.3359,620.0000,777.6989,1359.6122,980.1338,997.5000,267.0540,15884
2021-04,B,0.3135,900.0000,1128.9177,600.0000,752.6118,1367.3844,938.6443,1000.0000,267.0540,15708
2021-04,C,0.2490,961.5300,1206.0981,750.0000,940.7648,1451.7098,1090.2282,1028.4000,267.0540,9933
2021-04,D,0.4360,881.2000,1105.3359,369.2300,463.1448,1359.6122,766.7885,997.5000,267.0540,20938
2021-05,A,0.2789,880.0000,1095.0515,615.0000,765.2917,1351.7918,974.7715,1000.0000,269.1950,15646
2021-05,B,0.3105,890.4000,1107.9931,600.0000,746.6261,1363.5312,940.1624,1000.0000,269.1950,15306
2021-05,C,0.2469,961.5300,1196.5056,740.0000,920.8388,1449.4111,1091.6163,1015.0000,269.1950,9693
2021-05,D,0.4355,880.0000,1095.0515,370.0000,460.4194,1351.7918,763.1291,1000.0000,269.1950,20643
2021-06,A,0.2758,884.0000,1089.9031,630.0000,776.7409,1338.6059,969.3584,1000.0000,271.6960,15059
2021-06,B,0.3091,900.0000,1109.6299,600.0000,739.7533,1342.9989,927.8247,1000.0000,271.6960,14814
2021-06,C,0.2490,961.5300,1185.4916,735.6000,906.9375,1435.5381,1078.0486,1038.4600,271.6960,9402
2021-06,D,0.4350,884.0000,1089.9031,375.0000,462.3458,1338.6059,756.2885,1000.0000,271.6960,20037
2021-07,A,0.2674,900.0000,1104.3175,650.0000,797.5627,1338.4658,980.6148,1000.0000,273.0030,14671
2021-07,B,0.3010,900.0000,1104.3175,615.0000,754.6170,1343.6777,939.2005,1000.0000,273.0030,14480
2021-07,C,0.2464,980.0000,1202.4791,760.0000,932.5348,1443.3542,1087.6668,1038.4600,273.0030,9178
2021-07,D,0.4301,900.0000,1104.3175,396.0000,485.8997,1338.4658,762.7306,1000.0000,273.0030,19659
2021-08,A,0.2691,913.0000,1117.9592,670.4000,820.8980,1350.8397,987.3300,1000.0000,273.5670,14711
2021-08,B,0.3067,920.0000,1126.5306,630.0000,771.4286,1358.6481,941.9511,1000.0000,273.5670,14548
2021-08,C,0.2440,980.0000,1200.0000,769.0000,941.6327,1439.9156,1088.5095,1038.4600,273.5670,9233
2021-08,D,0.4317,913.0000,1117.9592,400.0000,489.7959,1350.8397,767.6367,1000.0000,273.5670,19712
2021-09,A,0.2667,923.0700,1127.2283,673.0700,821.9350,1386.8179,1016.9508,1038.4600,274.3100,14308
2021-09,B,0.3013,950.0000,1160.1145,640.0000,781.5508,1402.1548,979.6484,1040.0000,274.3100,14052
2021-09,C,0.2353,1015.0000,1239.4907,769.2300,939.3630,1488.4397,1138.2830,1096.1500,274.3100,8917
2021-09,D,0.4274,923.0700,1127.2283,400.0000,488.4693,1386.8179,794.0459,1038.4600,274.3100,19280
2021-10,A,0.2600,920.0000,1114.2222,675.6000,818.2266,1334.9144,987.7887,1000.0000,276.5890,14987
2021-10,B,0.2949,942.3000,1141.2300,640.0000,775.1111,1348.2613,950.6718,1000.0000,276.5890,14742
2021-10,C,0.2282,1000.0000,1211.1111,780.0000,944.6666,1431.6692,1105.0135,1057.6900,276.5890,9340
2021-10,D,0.4236,920.0000,1114.2222,415.0000,502.6111,1334.9144,769.4472,1000.0000,276.5890,19801
2021-11,A,0.2563,913.0000,1100.3380,680.0000,819.5288,1332.8470,991.2377,1000.0000,277.9480,14211
2021-11,B,0.2906,923.0000,1112.3899,650.0000,783.3731,1345.1744,954.2650,1000.0000,277.9480,13946
2021-11,C,0.2249,1000.0000,1205.1895,796.0000,959.3308,1421.0988,1101.4766,1057.0000,277.9480,8800
2021-11,D,0.4198,913.0000,1100.3380,420.0000,506.1796,1332.8470,773.3128,1000.0000,277.9480,18991
2021-12,A,0.2541,900.0000,1081.3481,680.0000,817.0185,1340.8248,1000.1803,1000.0000,278.8020,14298
2021-12,B,0.2900,903.8400,1085.9618,646.1500,776.3478,1348.1576,957.1363,1000.0000,278.8020,14038
2021-12,C,0.2265,986.0000,1184.6769,780.0000,937.1683,1435.0108,1109.9380,1057.0000,278.8020,8939
2021-12,D,0.4191,900.0000,1081.3481,423.0000,508.2336,1340.8248,778.8316,1000.0000,278.8020,19043
2022-01,A,0.2605,920.0000,1096.1543,680.0000,810.2010,1336.5878,988.4416,1000.8000,281.1480,14367
2022-01,B,0.2971,920.0000,1096.1543,640.0000,762.5421,1341.7555,943.0664,1000.0000,281.1480,14152
2022-01,C,0.2279,1000.0000,1191.4721,769.2300,916.5161,1425.1110,1100.3408,1057.6900,281.1480,9036
2022-01,D,0.4221,920.0000,1096.1543,450.0000,536.1624,1336.5878,772.4312,1000.8000,281.1480,19146
2022-02,A,0.2535,948.0000,1119.2920,700.0000,826.4814,1349.5231,1007.4696,1057.6900,283.7160,14350
2022-02,B,0.2909,960.0000,1133.4602,673.0000,794.6028,1359.6442,964.1752,1057.6900,283.7160,14090
2022-02,C,0.2211,1038.4600,1226.0970,803.0800,948.1867,1455.0130,1133.2600,1120.0000,283.7160,9044
2022-02,D,0.4174,948.0000,1119.2920,450.0000,531.3095,1349.5231,786.2494,1057.6900,283.7160,19095
2022-03,A,0.2484,923.0700,1075.4980,692.3000,806.6206,1314.4569,987.9473,1038.4600,287.5040,13929
2022-03,B,0.2837,940.4900,1095.7946,660.0000,768.9869,1322.0300,947.0122,1038.0000,287.5040,13752
2022-03,C,0.2152,1000.0000,1165.1316,800.0000,932.1053,1414.4439,1110.0537,1080.0000,287.5040,8766
2022-03,D,0.4122,923.0700,1075.4980,450.0000,524.3092,1314.4569,772.6888,1038.4600,287.5040,18636
2022-04,A,0.2547,952.0000,1103.0475,708.4000,820.7971,1323.2086,986.1494,1040.0000,289.1090,14364
2022-04,B,0.2891,960.0000,1112.3168,680.0000,787.8911,1332.2785,947.1574,1040.0000,289.1090,14100
2022-04,C,0.2191,1000.0000,1158.6633,807.6900,935.8408,1420.7504,1109.3952,1096.1500,289.1090,8820
2022-04,D,0.4155,952.0000,1103.0475,450.0000,521.3985,1323.2086,773.3907,1040.0000,289.1090,19269
2022-05,A,0.2478,960.0000,1100.1888,720.0000,825.1416,1324.5286,996.2781,1040.0000,292.2960,14478
2022-05,B,0.2826,961.0000,1101.3349,680.0000,779.3004,1333.0636,956.3768,1040.0000,292.2960,14212
2022-05,C,0.2141,1000.0000,1146.0301,812.5000,931.1494,1415.7537,1112.5987,1080.0000,292.2960,8900
2022-05,D,0.4131,960.0000,1100.1888,480.0000,550.0944,1324.5286,777.4307,1040.0000,292.2960,19333
2022-06,A,0.2498,960.0000,1085.2813,700.0000,791.3510,1302.4667,977.0818,1040.0000,296.3110,14139
2022-06,B,0.2847,961.0000,1086.4118,675.0000,763.0884,1310.1460,937.2033,1040.0000,296.3110,13912
2022-06,C,0.2213,1038.4600,1173.9805,800.0000,904.4011,1405.7801,1094.7094,1109.7600,296.3110,8892
2022-06,D,0.4151,960.0000,1085.2813,480.0000,542.6407,1302.4667,761.8562,1040.0000,296.3110,18935
2022-07,A,0.2468,961.0000,1086.5402,720.0000,814.0572,1318.6494,993.2155,1057.6900,296.2760,14178
2022-07,B,0.2824,961.5300,1087.1394,700.0000,791.4445,1328.2395,953.1711,1057.6900,296.2760,13962
2022-07,C,0.2236,1057.6900,1195.8613,814.0000,920.3368,1420.2761,1102.7239,1125.0000,296.2760,8877
2022-07,D,0.4138,961.0000,1086.5402,480.0000,542.7048,1318.6494,772.9924,1057.6900,296.2760,19022
2022-08,A,0.2477,980.0000,1108.4151,740.0000,836.9665,1326.9711,998.2192,1057.6900,296.1710,14313
2022-08,B,0.2860,1000.0000,1131.0358,711.0000,804.1664,1336.2957,954.1338,1057.6900,296.1710,14096
2022-08,C,0.2171,1057.6900,1196.2852,865.3800,978.7757,1430.7242,1120.1038,1134.6100,296.1710,8968
2022-08,D,0.4150,980.0000,1108.4151,480.7600,543.7568,1326.9711,776.2981,1057.6900,296.1710,19305
2022-09,A,0.2478,1000.0000,1128.6084,750.0000,846.4563,1340.0751,1007.9809,1096.1500,296.8080,14028
2022-09,B,0.2824,1000.0000,1128.6084,720.0000,812.5980,1352.4182,970.4943,1100.0000,296.8080,13722
2022-09,C,0.2138,1076.9200,1215.4210,865.3800,976.6751,1430.9718,1125.0239,1153.0000,296.8080,8702
2022-09,D,0.4115,1000.0000,1128.6084,500.0000,564.3042,1340.0751,788.5890,1096.1500,296.8080,19019
2022-10,A,0.2447,980.7600,1102.4220,744.4000,836.7418,1330.2335,1004.6967,1096.1500,298.0120,13982
2022-10,B,0.2827,1000.0000,1124.0487,711.5300,799.7944,1345.0550,964.7619,1100.0000,298.0120,13724
2022-10,C,0.2156,1076.0000,1209.4764,865.0000,972.3021,1436.1458,1126.5654,1153.0000,298.0120,8724
2022-10,D,0.4124,980.7600,1102.4220,480.0000,539.5434,1330.2335,781.6411,1096.1500,298.0120,18767
2022-11,A,0.2484,972.0000,1093.6800,730.7600,822.2403,1311.3916,985.5872,1080.0000,297.7110,13751
2022-11,B,0.2848,995.2000,1119.7843,692.4000,779.0782,1319.2418,943.5608,1080.0000,297.7110,13458
2022-11,C,0.2178,1057.6900,1190.0971,850.0000,956.4074,1411.7788,1104.3295,1150.0000,297.7110,8584
2022-11,D,0.4139,972.0000,1093.6800,480.0000,540.0889,1311.3916,768.5666,1080.0000,297.7110,18522
2022-12,A,0.2483,961.5300,1085.2310,740.0000,835.2012,1315.8432,989.0541,1057.0000,296.7970,13486
2022-12,B,0.2824,962.0000,1085.7615,700.0000,790.0552,1322.9575,949.3198,1057.6900,296.7970,13152
2022-12,C,0.2175,1024.0000,1155.7378,840.0000,948.0662,1412.8391,1105.5746,1120.0000,296.7970,8329
2022-12,D,0.4130,961.5300,1085.2310,480.0000,541.7521,1315.8432,772.3569,1057.0000,296.7970,18223
2023-01,A,0.2505,980.0000,1097.3039,731.0000,818.4991,1323.6290,992.0281,1080.0000,299.1700,13735
2023-01,B,0.2861,1000.0000,1119.6978,700.0000,783.7885,1337.7257,954.9865,1096.0000,299.1700,13503
2023-01,C,0.2175,1057.6900,1184.2932,865.3800,968.9641,1428.2667,1117.5942,1153.0000,299.1700,8469
2023-01,D,0.4160,980.0000,1097.3039,480.0000,537.4550,1323.6290,772.9491,1080.0000,299.1700,18488
2023-02,A,0.2444,1000.0000,1113.4822,750.0000,835.1117,1332.5724,1006.9324,1111.1100,300.8400,12923
2023-02,B,0.2808,1000.0000,1113.4822,700.0000,779.4376,1343.4192,966.1770,1100.0000,300.8400,12709
2023-02,C,0.2123,1080.0000,1202.5608,865.3800,963.5853,1434.0598,1129.6128,1153.0000,300.8400,8107
2023-02,D,0.4131,1000.0000,1113.4822,480.0000,534.4715,1332.5724,782.1394,1111.1100,300.8400,17635
2023-03,A,0.2401,961.5300,1067.1137,740.0000,821.2579,1314.9476,999.2643,1087.6000,301.8360,12997
2023-03,B,0.2760,984.4000,1092.4950,712.8000,791.0711,1330.1371,963.0616,1100.0000,301.8360,12752
2023-03,C,0.2097,1057.6900,1173.8328,846.0000,938.8975,1409.7345,1114.0754,1153.8400,301.8360,8102
2023-03,D,0.4085,961.5300,1067.1137,496.0000,550.4648,1314.9476,777.8273,1087.6000,301.8360,17658
2023-04,A,0.2418,970.0000,1071.0950,750.0000,828.1663,1361.5655,1032.3947,1107.0000,303.3630,13324
2023-04,B,0.2766,988.0000,1090.9710,720.0000,795.0396,1371.0606,991.7605,1106.0000,303.3630,13010
2023-04,C,0.2072,1080.0000,1192.5594,880.0000,971.7151,1496.8694,1186.7552,1154.0000,303.3630,8258
2023-04,D,0.4074,970.0000,1071.0950,480.0000,530.0264,1361.5655,806.9074,1107.0000,303.3630,18041
2023-05,A,0.2430,962.0000,1059.5927,750.0000,826.0858,1349.3465,1021.4725,1080.0000,304.1270,13539
2023-05,B,0.2776,986.0000,1086.0275,720.0000,793.0424,1367.0062,987.5824,1080.0000,304.1270,13276
2023-05,C,0.2057,1058.0000,1165.3317,866.0000,953.8538,1469.3792,1167.1686,1153.8400,304.1270,8374
2023-05,D,0.4089,962.0000,1059.5927,500.0000,550.7239,1349.3465,797.5638,1080.0000,304.1270,18307
2023-06,A,0.2412,1000.0000,1097.9027,769.0000,844.2872,1361.8137,1033.3437,1115.3800,305.1090,13357
2023-06,B,0.2736,1000.0000,1097.9027,736.0000,808.0564,1369.8451,995.0815,1115.3800,305.1090,13044
2023-06,C,0.2082,1115.3800,1224.5787,900.0000,988.1124,1474.8186,1167.7578,1153.8400,305.1090,8328
2023-06,D,0.4090,1000.0000,1097.9027,510.0000,559.9304,1361.8137,804.8818,1115.3800,305.1090,17991
2023-07,A,0.2417,1000.0000,1095.8124,769.2300,842.9318,1382.7877,1048.5018,1100.0000,305.6910,13582
2023-07,B,0.2756,1000.0000,1095.8124,742.0000,813.0928,1397.0282,1011.9644,1100.0000,305.6910,13263
2023-07,C,0.2138,1096.0000,1201.0104,900.0000,986.2312,1489.2866,1170.8322,1154.0000,305.6910,8436
2023-07,D,0.4088,1000.0000,1095.8124,510.0000,558.8643,1382.7877,817.4938,1100.0000,305.6910,18467
2023-08,A,0.2402,1000.0000,1091.0477,769.2300,839.2666,1375.6020,1045.1854,1080.0000,307.0260,13964
2023-08,B,0.2766,1000.0000,1091.0477,747.0000,815.0126,1392.0709,1007.0063,1080.0000,307.0260,13711
2023-08,C,0.2109,1058.0000,1154.3284,880.0000,960.1219,1490.8216,1176.3983,1153.0000,307.0260,8673
2023-08,D,0.4099,1000.0000,1091.0477,504.0000,549.8880,1375.6020,811.7828,1080.0000,307.0260,18882
2023-09,A,0.2459,1000.0000,1088.3430,769.2300,837.1861,1399.1204,1055.0710,1153.8400,307.7890,13684
2023-09,B,0.2749,1022.0000,1112.2865,750.0000,816.2572,1405.4847,1019.1155,1153.8400,307.7890,13323
2023-09,C,0.2053,1130.0000,1229.8276,900.0000,979.5087,1491.3903,1185.2026,1200.0000,307.7890,8371
2023-09,D,0.4081,1000.0000,1088.3430,510.0000,555.0549,1399.1204,828.0929,1153.8400,307.7890,18510
2023-10,A,0.2439,1000.0000,1088.7604,769.2300,837.5072,1368.9260,1035.0729,1153.8400,307.6710,13973
2023-10,B,0.2755,1016.0000,1106.1806,750.0000,816.5703,1386.8408,1004.7663,1154.0000,307.6710,13512
2023-10,C,0.2059,1140.0000,1241.1869,910.0000,990.7720,1488.9625,1182.3891,1200.0000,307.6710,8674
2023-10,D,0.4092,1000.0000,1088.7604,500.0000,544.3802,1368.9260,808.7556,1153.8400,307.6710,18710
2023-11,A,0.2399,1000.0000,1090.9588,776.0000,846.5841,1368.3765,1040.0576,1126.0000,307.0510,13875
2023-11,B,0.2762,1000.0000,1090.9588,748.0000,816.0372,1382.8976,1000.8826,1126.0000,307.0510,13537
2023-11,C,0.2056,1120.0000,1221.8739,920.0000,1003.6821,1503.7759,1194.5510,1176.0000,307.0510,8598
2023-11,D,0.4079,1000.0000,1090.9588,500.0000,545.4794,1368.3765,810.2438,1126.0000,307.0510,18686
2023-12,A,0.2417,1000.0000,1092.0436,780.0000,851.7940,1386.6449,1051.4514,1154.0000,306.7460,13402
2023-12,B,0.2776,1038.0000,1133.5412,756.0000,825.5849,1403.9741,1014.2496,1154.0000,306.7460,13025
2023-12,C,0.2113,1153.0000,1259.1262,920.0000,1004.6801,1516.1703,1195.7854,1200.0000,306.7460,8351
2023-12,D,0.4120,1000.0000,1092.0436,490.0000,535.1014,1386.6449,815.3967,1154.0000,306.7460,18257
2024-01,A,0.2475,1000.0000,1086.1269,769.2300,835.4814,1413.3555,1063.6158,1153.0000,308.4170,13898
2024-01,B,0.2814,1000.0000,1086.1269,738.4600,802.0613,1422.8903,1022.5087,1148.0000,308.4170,13557
2024-01,C,0.2143,1116.0000,1212.1176,880.0000,955.7917,1537.7125,1208.2503,1200.0000,308.4170,8650
2024-01,D,0.4150,1000.0000,1086.1269,500.0000,543.0634,1413.3555,826.7599,1153.0000,308.4170,18876
2024-02,A,0.2425,1000.0000,1079.4455,769.0000,830.0936,1350.2163,1022.7806,1134.6100,310.3260,13340
2024-02,B,0.2787,1000.0000,1079.4455,740.0000,798.7897,1358.4233,979.7697,1120.0000,310.3260,13049
2024-02,C,0.2101,1096.0000,1183.0723,880.0000,949.9120,1457.4163,1151.2814,1154.0000,310.3260,8410
2024-02,D,0.4129,1000.0000,1079.4455,482.0000,520.2927,1350.2163,792.6923,1134.6100,310.3260,18060
2024-03,A,0.2396,1000.0000,1072.5126,769.2300,825.0089,1342.6459,1021.0096,1153.8400,312.3320,12983
2024-03,B,0.2757,1000.0000,1072.5126,740.0000,793.6593,1360.3636,985.3615,1153.8400,312.3320,12685
2024-03,C,0.2075,1126.0000,1207.6492,900.0000,965.2613,1473.1825,1167.5682,1200.0000,312.3320,8028
2024-03,D,0.4102,1000.0000,1072.5126,500.0000,536.2563,1342.6459,791.9276,1153.8400,312.3320,17601
2024-04,A,0.2442,1000.0000,1068.3532,788.0000,841.8623,1485.8505,1123.0268,1154.0000,313.5480,13466
2024-04,B,0.2793,1000.0000,1068.3532,760.0000,811.9484,1495.4792,1077.8520,1154.0000,313.5480,13070
2024-04,C,0.2068,1150.0000,1228.6061,924.0000,987.1583,1628.6673,1291.9321,1200.0000,313.5480,8317
2024-04,D,0.4113,1000.0000,1068.3532,500.0000,534.1766,1485.8505,874.7170,1154.0000,313.5480,18248
2024-05,A,0.2475,1000.0000,1066.5809,750.0000,799.9357,1410.8546,1061.6837,1120.0000,314.0690,13778
2024-05,B,0.2780,1000.0000,1066.5809,730.0000,778.6041,1425.4568,1029.2387,1120.0000,314.0690,13366
2024-05,C,0.2068,1106.0000,1179.6385,880.0000,938.5912,1546.1451,1226.3523,1200.0000,314.0690,8398
2024-05,D,0.4123,1000.0000,1066.5809,480.0000,511.9588,1410.8546,829.1112,1120.0000,314.0690,18518
2024-06,A,0.2409,1038.0000,1106.7375,800.0000,852.9768,1546.9529,1174.2942,1154.0000,314.1750,13535
2024-06,B,0.2747,1050.0000,1119.5321,760.0000,810.3280,1549.7742,1123.9740,1154.0000,314.1750,13218
2024-06,C,0.2119,1154.0000,1230.4191,924.0000,985.1883,1670.9223,1316.8319,1230.0000,314.1750,8522
2024-06,D,0.4124,1038.0000,1106.7375,500.0000,533.1105,1546.9529,909.0570,1154.0000,314.1750,18342
2024-07,A,0.2436,1038.0000,1105.4532,800.0000,851.9870,1479.0873,1118.7155,1154.0000,314.5400,13332
2024-07,B,0.2775,1050.0000,1118.2330,764.0000,813.6476,1491.1996,1077.3587,1154.0000,314.5400,13053
2024-07,C,0.2117,1154.0000,1228.9913,928.0000,988.3050,1597.8893,1259.5642,1210.0000,314.5400,8260
2024-07,D,0.4122,1038.0000,1105.4532,520.0000,553.7916,1479.0873,869.3937,1154.0000,314.5400,18305
2024-08,A,0.2434,1038.0000,1104.5542,800.0000,851.2942,1581.9978,1196.8896,1154.0000,314.7960,13677
2024-08,B,0.2831,1046.0000,1113.0671,770.0000,819.3706,1596.1559,1144.3452,1154.0000,314.7960,13341
2024-08,C,0.2115,1154.0000,1227.9918,924.0000,983.2448,1720.1734,1356.4325,1250.0000,314.7960,8526
2024-08,D,0.4150,1038.0000,1104.5542,520.0000,553.3412,1581.9978,925.3900,1154.0000,314.7960,18495
2024-09,A,0.2431,1050.0000,1115.5340,800.0000,849.9307,1552.0383,1174.7664,1160.0000,315.3010,13609
2024-09,B,0.2774,1058.0000,1124.0334,770.0000,818.0583,1564.4717,1130.4159,1162.0000,315.3010,13213
2024-09,C,0.2032,1154.0000,1226.0250,924.0000,981.6700,1670.8280,1331.2907,1250.0000,315.3010,8474
2024-09,D,0.4112,1050.0000,1115.5340,512.0000,543.9556,1552.0383,913.9043,1160.0000,315.3010,18411
2024-10,A,0.2443,1058.0000,1122.7408,800.0000,848.9533,1498.6275,1132.5047,1192.0000,315.6640,13693
2024-10,B,0.2768,1058.0000,1122.7408,770.0000,817.1176,1512.7360,1094.0256,1192.0000,315.6640,13181
2024-10,C,0.2068,1154.0000,1224.6152,924.0000,980.5411,1605.4417,1273.4550,1230.0000,315.6640,8353
2024-10,D,0.4112,1058.0000,1122.7408,518.0000,549.6973,1498.6275,882.3920,1192.0000,315.6640,18430
2024-11,A,0.2465,1058.0000,1123.3493,800.0000,849.4135,1499.2195,1129.6089,1186.0000,315.4930,13787
2024-11,B,0.2781,1076.0000,1142.4611,770.0000,817.5605,1504.6787,1086.2320,1186.0000,315.4930,13421
2024-11,C,0.2078,1164.0000,1235.8966,960.0000,1019.2961,1637.8478,1297.4673,1250.0000,315.4930,8539
2024-11,D,0.4137,1058.0000,1123.3493,506.0000,537.2540,1499.2195,879.0348,1186.0000,315.4930,18555
2024-12,A,0.2433,1058.0000,1122.9507,800.0000,849.1120,1509.9068,1142.4718,1200.0000,315.6050,13464
2024-12,B,0.2787,1080.0000,1146.3012,770.0000,817.2703,1530.0375,1103.5826,1200.0000,315.6050,13073
2024-12,C,0.2107,1192.0000,1265.1769,960.0000,1018.9344,1653.0809,1304.7809,1260.0000,315.6050,8397
2024-12,D,0.4148,1058.0000,1122.9507,500.0000,530.6950,1509.9068,883.5860,1200.0000,315.6050,18245
2025-01,A,0.2508,1062.0000,1119.8654,800.0000,843.5898,1505.8578,1128.1701,1200.0000,317.6710,13752
2025-01,B,0.2804,1080.0000,1138.8462,776.0000,818.2821,1520.1998,1093.8888,1200.0000,317.6710,13301
2025-01,C,0.2130,1160.0000,1223.2051,952.0000,1003.8718,1640.8647,1291.3807,1250.0000,317.6710,8527
2025-01,D,0.4161,1062.0000,1119.8654,510.0000,537.7885,1505.8578,879.2863,1200.0000,317.6710,18624
2025-02,A,0.2445,1058.0000,1110.7140,800.0000,839.8593,1457.6837,1101.2966,1192.0000,319.0820,13293
2025-02,B,0.2791,1060.0000,1112.8136,770.0000,808.3646,1472.0576,1061.1532,1190.0000,319.0820,12960
2025-02,C,0.2108,1154.0000,1211.4971,950.0000,997.3330,1566.8628,1236.6072,1240.0000,319.0820,8314
2025-02,D,0.4151,1058.0000,1110.7140,500.0000,524.9121,1457.6837,852.5822,1192.0000,319.0820,18104
2025-03,A,0.2443,1058.0000,1108.2237,800.0000,837.9764,1543.5139,1166.4794,1200.0000,319.7990,12842
2025-03,B,0.2774,1072.0000,1122.8883,760.0000,796.0775,1560.1241,1127.3640,1200.0000,319.7990,12495
2025-03,C,0.2115,1160.0000,1215.0657,940.0000,984.6222,1702.5683,1342.5060,1260.0000,319.7990,7956
2025-03,D,0.4135,1058.0000,1108.2237,500.0000,523.7352,1543.5139,905.2925,1200.0000,319.7990,17374
2025-04,A,0.2443,1076.0000,1123.5789,800.0000,835.3746,1516.9997,1146.4257,1210.0000,320.7950,12934
2025-04,B,0.2747,1080.0000,1127.7557,770.0000,804.0481,1534.6686,1113.1514,1210.0000,320.7950,12477
2025-04,C,0.2049,1200.0000,1253.0619,960.0000,1002.4495,1680.3558,1336.0122,1280.0000,320.7950,7973
2025-04,D,0.4120,1076.0000,1123.5789,520.0000,542.9935,1516.9997,891.9615,1210.0000,320.7950,17553
2025-05,A,0.2459,1040.0000,1083.7236,800.0000,833.6335,1497.2305,1129.0715,1192.0000,321.4650,12777
2025-05,B,0.2773,1058.0000,1102.4803,770.0000,802.3723,1508.3178,1090.0216,1200.0000,321.4650,12379
2025-05,C,0.2098,1154.0000,1202.5164,960.0000,1000.3602,1645.1518,1300.0467,1250.0000,321.4650,7868
2025-05,D,0.4146,1040.0000,1083.7236,504.0000,525.1891,1497.2305,876.4799,1192.0000,321.4650,17510
2025-06,A,0.2398,1050.0000,1090.4263,800.0000,830.8010,1556.4026,1183.2121,1184.0000,322.5610,12722
2025-06,B,0.2769,1058.0000,1098.7343,770.0000,799.6460,1561.8836,1129.4165,1174.0000,322.5610,12484
2025-06,C,0.2108,1154.0000,1198.4304,944.0000,980.3452,1678.2971,1324.5130,1250.0000,322.5610,7952
2025-06,D,0.4146,1050.0000,1090.4263,510.0000,529.6356,1556.4026,911.1299,1184.0000,322.5610,17576
2025-07,A,0.2427,1062.0000,1101.2257,810.0000,839.9179,1422.2555,1077.0633,1200.0000,323.0480,12411
2025-07,B,0.2782,1080.0000,1119.8905,800.0000,829.5486,1435.4782,1036.1018,1200.0000,323.0480,12158
2025-07,C,0.2162,1200.0000,1244.3228,962.0000,997.5321,1559.7572,1222.4927,1280.0000,323.0480,7709
2025-07,D,0.4150,1062.0000,1101.2257,504.0000,522.6156,1422.2555,832.0758,1200.0000,323.0480,17205
2025-08,A,0.2486,1080.0000,1116.6827,808.0000,835.4441,1487.2750,1117.5856,1230.0000,323.9760,12971
2025-08,B,0.2824,1100.0000,1137.3620,800.0000,827.1724,1498.0432,1075.0166,1240.0000,323.9760,12657
2025-08,C,0.2100,1200.0000,1240.7586,962.0000,994.6748,1593.8705,1259.1290,1290.0000,323.9760,8011
2025-08,D,0.4190,1080.0000,1116.6827,500.0000,516.9827,1487.2750,864.1412,1230.0000,323.9760,17928
2025-09,A,0.2446,1080.0000,1113.8498,800.0000,825.0739,1522.7939,1150.3315,1200.0000,324.8000,13012
2025-09,B,0.2779,1096.0000,1130.3512,800.0000,825.0739,1533.0842,1107.0780,1200.0000,324.8000,12605
2025-09,C,0.2061,1200.0000,1237.6108,962.0000,992.1514,1667.2762,1323.6525,1260.0000,324.8000,8038
2025-09,D,0.4153,1080.0000,1113.8498,500.0000,515.6712,1522.7939,890.3203,1200.0000,324.8000,17754
2025-11,A,0.2458,1096.0000,1132.7157,816.0000,843.3358,1600.0311,1206.7223,1240.0000,324.1220,12640
2025-11,B,0.2796,1114.0000,1151.3187,800.0000,826.7998,1612.8870,1161.9827,1240.0000,324.1220,12177
2025-11,C,0.2093,1200.0000,1240.1997,962.0000,994.2267,1751.9802,1385.3716,1280.0000,324.1220,7775
2025-11,D,0.4168,1096.0000,1132.7157,504.0000,520.8839,1600.0311,933.0765,1240.0000,324.1220,17306
2025-12,A,0.2452,1050.0000,1085.4024,800.0000,826.9733,1460.6123,1102.4867,1200.0000,324.0540,12479
2025-12,B,0.2764,1060.0000,1095.7396,774.0000,800.0967,1480.5101,1071.2706,1200.0000,324.0540,12013
2025-12,C,0.2101,1192.0000,1232.1902,962.0000,994.4354,1615.7200,1276.2253,1280.0000,324.0540,7681
2025-12,D,0.4157,1050.0000,1085.4024,500.0000,516.8583,1460.6123,853.3907,1200.0000,324.0540,17168
2026-01,A,0.2490,1080.0000,1112.3018,810.0000,834.2264,1564.2676,1174.8291,1210.0000,325.2520,11964
2026-01,B,0.2809,1080.0000,1112.3018,800.0000,823.9273,1575.1291,1132.6908,1200.0000,325.2520,11521
2026-01,C,0.2132,1200.0000,1235.8909,962.0000,990.7726,1722.7087,1355.3631,1280.0000,325.2520,7311
2026-01,D,0.4235,1080.0000,1112.3018,500.0000,514.9546,1564.2676,901.7828,1210.0000,325.2520,16490
2026-02,A,0.2479,1096.0000,1123.4851,800.0000,820.0621,1495.5900,1124.9066,1250.0000,326.7850,12524
2026-02,B,0.2797,1112.0000,1139.8863,800.0000,820.0621,1510.6125,1088.1595,1250.0000,326.7850,12089
2026-02,C,0.2104,1200.0000,1230.0932,962.0000,986.1247,1615.0758,1275.2912,1270.0000,326.7850,7706
2026-02,D,0.4218,1096.0000,1123.4851,500.0000,512.5388,1495.5900,864.8004,1250.0000,326.7850,17333
2026-03,A,0.2429,1100.0000,1115.8798,838.0000,850.0975,1492.7379,1130.0847,1250.0000,330.2130,12253
2026-03,B,0.2773,1116.0000,1132.1107,800.0000,811.5489,1504.9022,1087.5589,1250.0000,330.2130,11879
2026-03,C,0.2084,1210.0000,1227.4677,970.0000,984.0031,1612.1144,1276.0856,1300.0000,330.2130,7507
2026-03,D,0.4200,1100.0000,1115.8798,500.0000,507.2181,1492.7379,865.8377,1250.0000,330.2130,16945
2026-04,A,0.2462,1100.0000,1106.4741,826.0000,830.8614,1519.9670,1145.7355,1250.0000,333.0200,12507
2026-04,B,0.2771,1120.0000,1126.5918,800.0000,804.7084,1537.7175,1111.5478,1250.0000,333.0200,12066
2026-04,C,0.2050,1240.0000,1247.2981,1000.0000,1005.8855,1674.5913,1331.2557,1310.0000,333.0200,7738
2026-04,D,0.4202,1100.0000,1106.4741,500.0000,502.9428,1519.9670,881.2043,1250.0000,333.0200,17328
2026-05,A,0.2456,1104.0000,1103.5289,840.0000,839.6416,1481.4153,1117.5292,1250.0000,335.1230,12658
2026-05,B,0.2760,1126.0000,1125.5195,800.0000,799.6586,1492.7791,1080.6975,1250.0000,335.1230,12199
2026-05,C,0.2069,1240.0000,1239.4709,1000.0000,999.5733,1629.2603,1292.1906,1330.0000,335.1230,7794
2026-05,D,0.4206,1104.0000,1103.5289,500.0000,499.7866,1481.4153,858.3562,1250.0000,335.1230,17515
2026-06,A,0.2464,1100.0000,1103.3861,826.0000,828.5427,1525.9099,1149.8832,1250.0000,333.9520,12387
2026-06,B,0.2792,1116.0000,1119.4354,800.0000,802.4626,1542.9968,1112.1256,1250.0000,333.9520,11960
2026-06,C,0.2164,1230.0000,1233.7863,962.0000,964.9613,1683.4232,1319.1916,1330.0000,333.9520,7630
2026-06,D,0.4234,1100.0000,1103.3861,498.0000,499.5330,1525.9099,879.8601,1250.0000,333.9520,17352
2026-07,A,0.2472,1096.0000,1099.4857,808.0000,810.5698,1499.3412,1128.7328,1210.0000,333.9180,12255
2026-07,B,0.2769,1112.0000,1115.5366,800.0000,802.5443,1514.8759,1095.3965,1230.0000,333.9180,11877
2026-07,C,0.2166,1200.0000,1203.8165,1000.0000,1003.1804,1654.7810,1296.2973,1300.0000,333.9180,7549
2026-07,D,0.4231,1096.0000,1099.4857,482.0000,483.5330,1499.3412,865.0226,1210.0000,333.9180,17204
2026-08,A,0.2471,1100.0000,1100.0000,840.0000,840.0000,1488.7727,1120.9041,1200.0000,334.9800,12628
2026-08,B,0.2826,1120.0000,1120.0000,800.0000,800.0000,1505.6596,1080.1328,1200.0000,334.9800,12341
2026-08,C,0.2149,1200.0000,1200.0000,988.0000,988.0000,1593.6234,1251.1609,1250.0000,334.9800,7839
2026-08,D,0.4247,1100.0000,1100.0000,526.0000,526.0000,1488.7727,856.4898,1200.0000,334.9800,17584
