month,population,n_earner,n_zero,n_dropped,n_zero_pworwgt_le0,weight_used,wt_earner_mil,wt_zero_mil,topcoded_share_of_earners,max_earnings_nom,earner_trimmed_mean_nom
2015-01,A,13886,5431,1695,0,PWORWGT,130.0989,52.2917,0.0262,2884.6100,874.9340
2015-01,B,13176,6037,1424,0,PWORWGT,123.8719,57.9924,0.0262,2884.6100,882.3120
2015-01,C,9192,3063,975,0,PWORWGT,86.7717,29.1821,0.0283,2884.6100,949.2766
2015-01,D,13886,10464,1695,0,PWORWGT,130.0989,95.5733,0.0262,2884.6100,874.9340
2015-02,A,13643,5300,1654,0,PWORWGT,131.0283,51.7738,0.0318,2884.6100,877.7671
2015-02,B,12897,5956,1403,0,PWORWGT,124.7352,57.6034,0.0315,2884.6100,881.4718
2015-02,C,9072,3001,976,0,PWORWGT,87.4507,28.9185,0.0338,2884.6100,948.0164
2015-02,D,13643,10201,1654,0,PWORWGT,131.0283,95.2748,0.0318,2884.6100,877.7671
2015-03,A,13335,4995,1677,0,PWORWGT,130.9742,51.7127,0.0330,2884.6100,877.2196
2015-03,B,12649,5659,1423,0,PWORWGT,124.5417,57.9669,0.0324,2884.6100,881.8840
2015-03,C,8839,2799,958,0,PWORWGT,87.3763,28.8287,0.0347,2884.6100,936.3249
2015-03,D,13335,9802,1677,0,PWORWGT,130.9742,95.4069,0.0330,2884.6100,877.2196
2015-04,A,14027,5256,1579,0,PWORWGT,131.9190,51.2529,0.0297,2884.6100,863.7295
2015-04,B,13252,5840,1354,0,PWORWGT,125.4159,56.8241,0.0293,2884.6100,867.8724
2015-04,C,9192,2924,887,0,PWORWGT,87.8328,28.1407,0.0324,2884.6100,921.7514
2015-04,D,14027,10066,1579,0,PWORWGT,131.9190,94.5554,0.0297,2884.6100,863.7295
2015-05,A,13774,4944,1610,0,PWORWGT,131.9121,50.0948,0.0273,2884.6100,879.3520
2015-05,B,13017,5590,1385,0,PWORWGT,125.4487,56.2129,0.0262,2884.6100,881.1227
2015-05,C,9144,2799,890,0,PWORWGT,87.6044,28.0720,0.0255,2884.6100,938.4369
2015-05,D,13774,9806,1610,0,PWORWGT,131.9121,93.8805,0.0273,2884.6100,879.3520
2015-06,A,13638,5007,1777,0,PWORWGT,132.2573,50.6311,0.0278,2884.6100,878.0339
2015-06,B,12877,5535,1508,0,PWORWGT,125.8809,55.7331,0.0280,2884.6100,882.5477
2015-06,C,8963,2858,1000,0,PWORWGT,87.4739,28.5093,0.0298,2884.6100,945.9769
2015-06,D,13638,9811,1777,0,PWORWGT,132.2573,94.0104,0.0278,2884.6100,878.0339
2015-07,A,13236,4855,1710,0,PWORWGT,132.1896,49.9417,0.0272,2884.6100,878.6257
2015-07,B,12548,5499,1489,0,PWORWGT,125.8317,56.0596,0.0259,2884.6100,878.2471
2015-07,C,8635,2796,972,0,PWORWGT,87.0904,29.0737,0.0282,2884.6100,937.5653
2015-07,D,13236,9744,1710,0,PWORWGT,132.1896,94.5094,0.0272,2884.6100,878.6257
2015-08,A,13664,5009,1629,0,PWORWGT,132.3245,50.4627,0.0273,2884.6100,891.8496
2015-08,B,12991,5606,1366,0,PWORWGT,126.0225,56.1557,0.0257,2884.6100,892.1932
2015-08,C,9087,2855,895,0,PWORWGT,87.5498,28.8327,0.0257,2884.6100,952.7076
2015-08,D,13664,9734,1629,0,PWORWGT,132.3245,94.6574,0.0273,2884.6100,891.8496
2015-09,A,13180,4983,1620,0,PWORWGT,132.3209,50.3879,0.0306,2884.6100,891.6382
2015-09,B,12444,5633,1366,0,PWORWGT,125.9341,56.6271,0.0307,2884.6100,894.7397
2015-09,C,8671,2817,907,0,PWORWGT,88.1223,28.0317,0.0329,2884.6100,958.4055
2015-09,D,13180,10003,1620,0,PWORWGT,132.3209,95.2909,0.0306,2884.6100,891.6382
2015-10,A,13796,4957,1567,0,PWORWGT,133.1193,49.5752,0.0279,2884.6100,891.7558
2015-10,B,13042,5641,1323,0,PWORWGT,126.5694,56.2936,0.0275,2884.6100,897.4853
2015-10,C,9091,2850,890,0,PWORWGT,88.2321,28.4239,0.0276,2884.6100,953.3772
2015-10,D,13796,9968,1567,0,PWORWGT,133.1193,94.5895,0.0279,2884.6100,891.7558
2015-11,A,13360,5082,1687,0,PWORWGT,132.7501,50.7338,0.0323,2884.6100,903.7397
2015-11,B,12624,5706,1429,0,PWORWGT,126.2692,56.6274,0.0318,2884.6100,905.9856
2015-11,C,8870,2826,1012,0,PWORWGT,87.9125,27.8849,0.0349,2884.6100,963.4314
2015-11,D,13360,10201,1687,0,PWORWGT,132.7501,94.7321,0.0323,2884.6100,903.7397
2015-12,A,13460,4945,1659,0,PWORWGT,132.8102,50.2330,0.0302,2884.6100,905.6782
2015-12,B,12702,5560,1388,0,PWORWGT,126.3217,56.1646,0.0304,2884.6100,910.2795
2015-12,C,8869,2756,923,0,PWORWGT,87.8896,28.4038,0.0324,2884.6100,973.8723
2015-12,D,13460,10043,1659,0,PWORWGT,132.8102,94.7318,0.0302,2884.6100,905.6782
2016-01,A,13821,5258,1616,0,PWORWGT,132.1439,51.7699,0.0277,2884.6100,893.3679
2016-01,B,13068,5886,1383,0,PWORWGT,125.7452,57.4305,0.0277,2884.6100,898.2190
2016-01,C,9074,2938,911,0,PWORWGT,87.9224,28.6013,0.0290,2884.6100,953.5084
2016-01,D,13821,10193,1616,0,PWORWGT,132.1439,96.1737,0.0277,2884.6100,893.3679
2016-02,A,13338,4961,1631,0,PWORWGT,133.0497,50.3992,0.0315,2884.6100,900.4113
2016-02,B,12550,5592,1387,0,PWORWGT,126.4348,56.3478,0.0316,2884.6100,907.3273
2016-02,C,8774,2856,947,0,PWORWGT,88.2959,28.0873,0.0338,2884.6100,966.2941
2016-02,D,13338,10048,1631,0,PWORWGT,133.0497,95.3478,0.0315,2884.6100,900.4113
2016-03,A,13166,4920,1679,0,PWORWGT,133.6134,50.3268,0.0310,2884.6100,905.9483
2016-03,B,12456,5529,1417,0,PWORWGT,126.9772,55.8972,0.0307,2884.6100,909.2744
2016-03,C,8705,2723,939,0,PWORWGT,88.7460,27.7688,0.0340,2884.6100,963.0720
2016-03,D,13166,9724,1679,0,PWORWGT,133.6134,94.5285,0.0310,2884.6100,905.9483
2016-04,A,13687,4975,1639,0,PWORWGT,133.9960,50.2761,0.0324,2884.6100,899.5878
2016-04,B,12874,5515,1372,0,PWORWGT,127.2940,55.4883,0.0323,2884.6100,904.9269
2016-04,C,9004,2730,919,0,PWORWGT,88.9702,27.4492,0.0346,2884.6100,964.4170
2016-04,D,13687,9784,1639,0,PWORWGT,133.9960,94.4124,0.0324,2884.6100,899.5878
2016-05,A,13491,5008,1614,0,PWORWGT,134.3920,49.6272,0.0298,2884.6100,899.2228
2016-05,B,12696,5633,1377,0,PWORWGT,127.6115,55.7839,0.0294,2884.6100,904.7996
2016-05,C,8925,2820,897,0,PWORWGT,89.1653,27.3774,0.0326,2884.6100,978.2509
2016-05,D,13491,9982,1614,0,PWORWGT,134.3920,94.4326,0.0298,2884.6100,899.2228
2016-06,A,13330,4824,1733,0,PWORWGT,134.1217,49.6394,0.0295,2884.6100,905.7560
2016-06,B,12596,5399,1434,0,PWORWGT,127.4856,55.5841,0.0290,2884.6100,908.0813
2016-06,C,8760,2735,978,0,PWORWGT,88.4713,27.9953,0.0329,2884.6100,980.0296
2016-06,D,13330,9664,1733,0,PWORWGT,134.1217,94.4637,0.0295,2884.6100,905.7560
2016-07,A,13355,4636,1754,0,PWORWGT,134.8255,49.2492,0.0291,2884.6100,901.4650
2016-07,B,12622,5282,1488,0,PWORWGT,128.1407,55.4571,0.0276,2884.6100,901.3971
2016-07,C,8715,2641,967,0,PWORWGT,88.7659,28.3626,0.0311,2884.6100,970.6595
2016-07,D,13355,9651,1754,0,PWORWGT,134.8255,94.6068,0.0291,2884.6100,901.4650
2016-08,A,13972,4933,1684,0,PWORWGT,134.5827,49.1503,0.0281,2884.6100,913.2000
2016-08,B,13211,5624,1389,0,PWORWGT,127.9533,55.4918,0.0276,2884.6100,916.3731
2016-08,C,9100,2817,910,0,PWORWGT,88.8552,28.0470,0.0269,2884.6100,974.5613
2016-08,D,13972,9992,1684,0,PWORWGT,134.5827,94.8589,0.0281,2884.6100,913.2000
2016-09,A,13798,4982,1701,0,PWORWGT,134.6246,49.6067,0.0309,2884.6100,924.8795
2016-09,B,12995,5640,1444,0,PWORWGT,127.7953,55.6877,0.0310,2884.6100,933.7053
2016-09,C,9027,2798,948,0,PWORWGT,89.4713,27.4200,0.0313,2884.6100,990.3280
2016-09,D,13798,10139,1701,0,PWORWGT,134.6246,95.0440,0.0309,2884.6100,924.8795
2016-10,A,14023,4875,1637,0,PWORWGT,135.1860,49.2124,0.0306,2884.6100,922.9208
2016-10,B,13242,5499,1378,0,PWORWGT,128.4632,54.8420,0.0307,2884.6100,929.0829
2016-10,C,9255,2700,937,0,PWORWGT,89.6875,27.0523,0.0331,2884.6100,992.0582
2016-10,D,14023,10023,1637,0,PWORWGT,135.1860,94.5110,0.0306,2884.6100,922.9208
2016-11,A,13819,5083,1728,0,PWORWGT,135.0525,50.1001,0.0323,2884.6100,919.8296
2016-11,B,13029,5723,1411,0,PWORWGT,128.3272,55.5160,0.0318,2884.6100,925.8505
2016-11,C,9067,2732,926,0,PWORWGT,89.6356,27.2280,0.0342,2884.6100,985.5693
2016-11,D,13819,10187,1728,0,PWORWGT,135.0525,94.8731,0.0323,2884.6100,919.8296
2016-12,A,13572,4925,1688,0,PWORWGT,134.3781,50.1106,0.0371,2884.6100,917.6190
2016-12,B,12830,5511,1450,0,PWORWGT,127.6757,55.8828,0.0375,2884.6100,921.1771
2016-12,C,9008,2665,999,0,PWORWGT,89.0661,27.5631,0.0400,2884.6100,990.6725
2016-12,D,13572,10064,1688,0,PWORWGT,134.3781,95.6586,0.0371,2884.6100,917.6190
2017-01,A,13724,5037,1596,0,PWORWGT,133.7563,50.5342,0.0297,2884.6100,924.9770
2017-01,B,12948,5649,1346,0,PWORWGT,126.9342,56.2479,0.0295,2884.6100,930.6609
2017-01,C,8884,2837,912,0,PWORWGT,88.6863,28.3423,0.0329,2884.6100,986.5276
2017-01,D,13724,9913,1596,0,PWORWGT,133.7563,96.0876,0.0297,2884.6100,924.9770
2017-02,A,13533,4852,1685,0,PWORWGT,134.5379,49.6659,0.0338,2884.6100,934.9207
2017-02,B,12729,5467,1417,0,PWORWGT,127.5902,55.3816,0.0333,2884.6100,941.5110
2017-02,C,8864,2714,946,0,PWORWGT,88.8476,27.3255,0.0376,2884.6100,1010.4128
2017-02,D,13533,10051,1685,0,PWORWGT,134.5379,95.1710,0.0338,2884.6100,934.9207
2017-03,A,13501,4829,1677,0,PWORWGT,135.3368,48.5183,0.0331,2884.6100,928.6644
2017-03,B,12764,5409,1420,0,PWORWGT,128.4595,54.2385,0.0319,2884.6100,932.2631
2017-03,C,8856,2675,956,0,PWORWGT,89.4310,26.9033,0.0360,2884.6100,1000.1833
2017-03,D,13501,9979,1677,0,PWORWGT,135.3368,94.3078,0.0331,2884.6100,928.6644
2017-04,A,13440,4703,1606,0,PWORWGT,136.0127,48.3708,0.0344,2884.6100,937.9650
2017-04,B,12614,5296,1332,0,PWORWGT,129.0319,54.3108,0.0327,2884.6100,941.1920
2017-04,C,8816,2577,866,0,PWORWGT,89.8693,26.6009,0.0364,2884.6100,1006.8500
2017-04,D,13440,9767,1606,0,PWORWGT,136.0127,94.1342,0.0344,2884.6100,937.9650
2017-05,A,13507,4707,1632,0,PWORWGT,136.1196,48.3410,0.0303,2884.6100,933.7112
2017-05,B,12638,5286,1358,0,PWORWGT,129.0624,54.2209,0.0303,2884.6100,943.2616
2017-05,C,8744,2654,917,0,PWORWGT,89.6465,26.9989,0.0339,2884.6100,1016.4171
2017-05,D,13507,9810,1632,0,PWORWGT,136.1196,94.4138,0.0303,2884.6100,933.7112
2017-06,A,13197,4771,1655,0,PWORWGT,136.2231,48.6826,0.0335,2884.6100,938.2177
2017-06,B,12467,5354,1373,0,PWORWGT,129.4891,54.1278,0.0326,2884.6100,941.4710
2017-06,C,8613,2708,921,0,PWORWGT,89.3674,27.4707,0.0351,2884.6100,996.0493
2017-06,D,13197,9800,1655,0,PWORWGT,136.2231,94.3044,0.0335,2884.6100,938.2177
2017-07,A,13284,4372,1601,0,PWORWGT,137.0092,47.5241,0.0303,2884.6100,938.6679
2017-07,B,12527,4989,1356,0,PWORWGT,130.1571,53.9009,0.0279,2884.6100,936.1600
2017-07,C,8649,2473,904,0,PWORWGT,89.4852,27.1497,0.0299,2884.6100,997.4552
2017-07,D,13284,9417,1601,0,PWORWGT,137.0092,94.1805,0.0303,2884.6100,938.6679
2017-08,A,13235,4711,1628,0,PWORWGT,136.0455,49.0358,0.0319,2884.6100,936.5922
2017-08,B,12451,5318,1344,0,PWORWGT,129.1766,54.9590,0.0317,2884.6100,939.8149
2017-08,C,8569,2598,895,0,PWORWGT,89.2222,27.3421,0.0301,2884.6100,992.9414
2017-08,D,13235,9786,1628,0,PWORWGT,136.0455,95.3775,0.0319,2884.6100,936.5922
2017-09,A,13522,4493,1633,0,PWORWGT,136.7060,47.3123,0.0335,2884.6100,947.1543
2017-09,B,12704,5113,1348,0,PWORWGT,129.7055,53.6854,0.0333,2884.6100,952.4710
2017-09,C,8765,2517,946,0,PWORWGT,90.4823,26.3284,0.0341,2884.6100,1014.7580
2017-09,D,13522,9658,1633,0,PWORWGT,136.7060,94.0998,0.0335,2884.6100,947.1543
2017-10,A,13549,4539,1658,0,PWORWGT,136.2562,47.2751,0.0383,2884.6100,953.9907
2017-10,B,12742,5151,1364,0,PWORWGT,129.3970,53.2493,0.0379,2884.6100,959.1572
2017-10,C,8849,2544,900,0,PWORWGT,90.2844,26.1925,0.0401,2884.6100,1017.4963
2017-10,D,13549,9669,1658,0,PWORWGT,136.2562,93.9273,0.0383,2884.6100,953.9907
2017-11,A,13550,4738,1711,0,PWORWGT,136.3987,48.2244,0.0297,2884.6100,934.5671
2017-11,B,12731,5282,1402,0,PWORWGT,129.3553,53.6821,0.0294,2884.6100,941.6393
2017-11,C,8860,2577,922,0,PWORWGT,90.4349,26.0140,0.0318,2884.6100,1001.3028
2017-11,D,13550,9827,1711,0,PWORWGT,136.3987,94.6726,0.0297,2884.6100,934.5671
2017-12,A,13277,4573,1589,0,PWORWGT,135.6700,48.2566,0.0358,2884.6100,947.5989
2017-12,B,12505,5139,1344,0,PWORWGT,128.6900,54.0050,0.0353,2884.6100,952.8097
2017-12,C,8853,2489,919,0,PWORWGT,90.0244,26.0266,0.0378,2884.6100,1014.5895
2017-12,D,13277,9614,1589,0,PWORWGT,135.6700,94.9311,0.0358,2884.6100,947.5989
2018-01,A,13347,4770,1681,0,PWORWGT,135.4463,47.9548,0.0361,2884.6100,951.3880
2018-01,B,12566,5472,1392,0,PWORWGT,128.5526,54.7869,0.0341,2884.6100,953.9952
2018-01,C,8689,2663,931,0,PWORWGT,89.8890,27.3931,0.0375,2884.6100,1015.2797
2018-01,D,13347,10011,1681,0,PWORWGT,135.4463,96.3160,0.0361,2884.6100,951.3880
2018-02,A,13311,4565,1604,0,PWORWGT,137.1068,48.1443,0.0399,2884.6100,962.2817
2018-02,B,12512,5134,1350,0,PWORWGT,129.9909,53.7520,0.0395,2884.6100,968.0686
2018-02,C,8622,2473,892,0,PWORWGT,90.7755,26.1679,0.0448,2884.6100,1041.2859
2018-02,D,13311,9769,1604,0,PWORWGT,137.1068,95.1895,0.0399,2884.6100,962.2817
2018-03,A,12855,4456,1640,0,PWORWGT,137.2608,47.4881,0.0401,2884.6100,966.0386
2018-03,B,12089,5056,1348,0,PWORWGT,130.1408,53.5017,0.0394,2884.6100,971.6271
2018-03,C,8365,2457,899,0,PWORWGT,90.7523,26.5434,0.0445,2884.6100,1043.3587
2018-03,D,12855,9630,1640,0,PWORWGT,137.2608,94.8612,0.0401,2884.6100,966.0386
2018-04,A,13182,4469,1560,0,PWORWGT,137.9490,47.1662,0.0375,2884.6100,965.7949
2018-04,B,12355,5128,1276,0,PWORWGT,130.6862,53.7623,0.0365,2884.6100,967.7960
2018-04,C,8705,2511,842,0,PWORWGT,91.0547,25.7841,0.0404,2884.6100,1035.5976
2018-04,D,13182,9649,1560,0,PWORWGT,137.9490,94.6056,0.0375,2884.6100,965.7949
2018-05,A,13192,4341,1586,0,PWORWGT,138.5893,47.1582,0.0338,2884.6100,947.7525
2018-05,B,12315,4927,1314,0,PWORWGT,131.1486,53.4606,0.0337,2884.6100,954.3793
2018-05,C,8539,2374,862,0,PWORWGT,91.1425,26.0214,0.0381,2884.6100,1021.0200
2018-05,D,13192,9495,1586,0,PWORWGT,138.5893,94.5399,0.0338,2884.6100,947.7525
2018-06,A,13116,4552,1628,0,PWORWGT,138.9587,47.1924,0.0356,2884.6100,953.8925
2018-06,B,12375,5101,1350,0,PWORWGT,131.6479,52.7663,0.0335,2884.6100,954.5937
2018-06,C,8617,2589,928,0,PWORWGT,90.7501,26.4692,0.0368,2884.6100,1020.7919
2018-06,D,13116,9597,1628,0,PWORWGT,138.9587,94.6727,0.0356,2884.6100,953.8925
2018-07,A,13158,4316,1580,0,PWORWGT,139.2208,47.4876,0.0358,2884.6100,986.1088
2018-07,B,12369,4850,1319,0,PWORWGT,131.9187,52.5944,0.0346,2884.6100,989.4138
2018-07,C,8430,2401,895,0,PWORWGT,90.9304,26.1130,0.0363,2884.6100,1059.8820
2018-07,D,13158,9326,1580,0,PWORWGT,139.2208,94.6142,0.0358,2884.6100,986.1088
2018-08,A,12938,4381,1566,0,PWORWGT,137.9231,48.3954,0.0411,2884.6100,973.3103
2018-08,B,12163,4922,1287,0,PWORWGT,130.5658,53.8253,0.0406,2884.6100,976.2872
2018-08,C,8401,2400,870,0,PWORWGT,90.8590,26.8248,0.0424,2884.6100,1035.1866
2018-08,D,12938,9282,1566,0,PWORWGT,137.9231,95.4758,0.0411,2884.6100,973.3103
2018-09,A,13225,4455,1599,0,PWORWGT,138.5024,47.0218,0.0338,2884.6100,966.2676
2018-09,B,12427,5051,1298,0,PWORWGT,130.9704,53.2211,0.0328,2884.6100,968.7009
2018-09,C,8619,2423,880,0,PWORWGT,91.2850,25.8443,0.0333,2884.6100,1032.4610
2018-09,D,13225,9465,1599,0,PWORWGT,138.5024,94.9061,0.0338,2884.6100,966.2676
2018-10,A,12899,4389,1587,0,PWORWGT,138.8876,47.0328,0.0411,2884.6100,983.1916
2018-10,B,12086,4982,1319,0,PWORWGT,131.4510,52.9431,0.0407,2884.6100,988.2761
2018-10,C,8417,2391,872,0,PWORWGT,91.8614,25.5311,0.0421,2884.6100,1045.0137
2018-10,D,12899,9448,1587,0,PWORWGT,138.8876,94.5729,0.0411,2884.6100,983.1916
2018-11,A,13213,4340,1584,0,PWORWGT,139.0165,46.3030,0.0358,2884.6100,972.9888
2018-11,B,12403,4978,1336,0,PWORWGT,131.5619,52.3369,0.0351,2884.6100,979.7597
2018-11,C,8609,2376,887,0,PWORWGT,91.9045,25.2303,0.0375,2884.6100,1039.9873
2018-11,D,13213,9513,1584,0,PWORWGT,139.0165,94.5061,0.0358,2884.6100,972.9888
2018-12,A,13094,4290,1584,0,PWORWGT,138.7971,47.2363,0.0428,2884.6100,999.5198
2018-12,B,12325,4819,1330,0,PWORWGT,131.2369,52.9381,0.0417,2884.6100,1007.2695
2018-12,C,8698,2367,940,0,PWORWGT,91.5749,25.7371,0.0418,2884.6100,1064.5931
2018-12,D,13094,9291,1584,0,PWORWGT,138.7971,95.0665,0.0428,2884.6100,999.5198
2019-01,A,13000,4435,1594,0,PWORWGT,137.8620,48.0773,0.0429,2884.6100,987.2597
2019-01,B,12232,5035,1305,0,PWORWGT,130.3312,54.0677,0.0425,2884.6100,992.3016
2019-01,C,8537,2407,841,0,PWORWGT,91.2696,26.0309,0.0453,2884.6100,1054.9683
2019-01,D,13000,9624,1594,0,PWORWGT,137.8620,96.2150,0.0429,2884.6100,987.2597
2019-02,A,12689,4130,1558,0,PWORWGT,138.9099,47.5332,0.0420,2884.6100,1000.9633
2019-02,B,11853,4609,1289,0,PWORWGT,131.0231,52.8433,0.0424,2884.6100,1012.0801
2019-02,C,8196,2132,839,0,PWORWGT,91.4171,25.4854,0.0458,2884.6100,1076.3597
2019-02,D,12689,9151,1558,0,PWORWGT,138.9099,94.7563,0.0420,2884.6100,1000.9633
2019-03,A,12665,4194,1531,0,PWORWGT,139.4088,46.7443,0.0439,2884.6100,994.0727
2019-03,B,11824,4756,1276,0,PWORWGT,131.6135,52.8833,0.0437,2884.6100,1002.2912
2019-03,C,8117,2298,863,0,PWORWGT,91.6109,25.5851,0.0469,2884.6100,1066.7977
2019-03,D,12665,9121,1531,0,PWORWGT,139.4088,94.9322,0.0439,2884.6100,994.0727
2019-04,A,12822,4163,1522,0,PWORWGT,139.7538,46.0229,0.0367,2884.6100,988.1497
2019-04,B,11969,4751,1234,0,PWORWGT,131.9881,52.2240,0.0362,2884.6100,993.3605
2019-04,C,8304,2314,819,0,PWORWGT,91.7440,25.4473,0.0391,2884.6100,1070.7427
2019-04,D,12822,9230,1522,0,PWORWGT,139.7538,94.5687,0.0367,2884.6100,988.1497
2019-05,A,12614,4093,1497,0,PWORWGT,139.9355,46.6715,0.0433,2884.6100,999.2678
2019-05,B,11763,4620,1237,0,PWORWGT,132.0637,52.3476,0.0425,2884.6100,1004.3050
2019-05,C,8157,2185,839,0,PWORWGT,91.6747,25.1312,0.0435,2884.6100,1059.0483
2019-05,D,12614,9022,1497,0,PWORWGT,139.9355,94.7891,0.0433,2884.6100,999.2678
2019-06,A,12706,4146,1484,0,PWORWGT,139.8573,45.7867,0.0450,2884.6100,1000.1017
2019-06,B,11958,4726,1230,0,PWORWGT,132.2951,52.0658,0.0448,2884.6100,1004.5047
2019-06,C,8255,2331,875,0,PWORWGT,91.1059,25.7094,0.0498,2884.6100,1077.6841
2019-06,D,12706,9224,1484,0,PWORWGT,139.8573,94.7168,0.0450,2884.6100,1000.1017
2019-07,A,12517,4097,1575,0,PWORWGT,140.0863,46.5613,0.0384,2884.6100,1003.0099
2019-07,B,11726,4615,1267,0,PWORWGT,132.1521,51.5894,0.0381,2884.6100,1005.7562
2019-07,C,7974,2267,833,0,PWORWGT,90.5734,26.1149,0.0420,2884.6100,1085.4663
2019-07,D,12517,9044,1575,0,PWORWGT,140.0863,94.3018,0.0384,2884.6100,1003.0099
2019-08,A,12493,4208,1522,0,PWORWGT,139.6728,47.1956,0.0398,2884.6100,1016.2111
2019-08,B,11715,4672,1246,0,PWORWGT,131.8159,52.5870,0.0395,2884.6100,1020.6751
2019-08,C,8120,2250,828,0,PWORWGT,91.2821,25.8420,0.0411,2884.6100,1083.5625
2019-08,D,12493,9155,1522,0,PWORWGT,139.6728,95.1537,0.0398,2884.6100,1016.2111
2019-09,A,12709,4203,1629,0,PWORWGT,140.4968,45.8184,0.0431,2884.6100,1016.7944
2019-09,B,11911,4760,1343,0,PWORWGT,132.6002,51.4628,0.0433,2884.6100,1024.1856
2019-09,C,8103,2269,889,0,PWORWGT,92.3190,25.0116,0.0474,2884.6100,1096.3222
2019-09,D,12709,9038,1629,0,PWORWGT,140.4968,94.2994,0.0431,2884.6100,1016.7944
2019-10,A,12752,3964,1629,0,PWORWGT,140.7574,44.7102,0.0420,2884.6100,1015.9137
2019-10,B,11860,4504,1329,0,PWORWGT,132.9316,50.5304,0.0412,2884.6100,1022.2111
2019-10,C,8172,2159,882,0,PWORWGT,92.5002,24.4921,0.0448,2884.6100,1088.7049
2019-10,D,12752,9038,1629,0,PWORWGT,140.7574,93.6895,0.0420,2884.6100,1015.9137
2019-11,A,12837,4045,1479,0,PWORWGT,140.9560,44.9871,0.0409,2884.6100,1026.1208
2019-11,B,11978,4606,1201,0,PWORWGT,132.9536,50.9525,0.0418,2884.6100,1033.0104
2019-11,C,8296,2188,823,0,PWORWGT,92.7487,24.1846,0.0455,2884.6100,1096.1689
2019-11,D,12837,9105,1479,0,PWORWGT,140.9560,94.0153,0.0409,2884.6100,1026.1208
2019-12,A,12767,3976,1544,0,PWORWGT,140.6098,45.9444,0.0395,2884.6100,1017.3074
2019-12,B,11942,4462,1225,0,PWORWGT,132.5555,51.3998,0.0385,2884.6100,1023.4012
2019-12,C,8385,2069,850,0,PWORWGT,92.5274,24.6430,0.0415,2884.6100,1089.4613
2019-12,D,12767,9041,1544,0,PWORWGT,140.6098,94.5105,0.0395,2884.6100,1017.3074
2020-01,A,12534,4009,1587,0,PWORWGT,139.2907,45.8456,0.0479,2884.6100,1028.0943
2020-01,B,11711,4592,1268,0,PWORWGT,131.3344,52.0756,0.0474,2884.6100,1035.4294
2020-01,C,8166,2157,854,0,PWORWGT,91.8515,24.8907,0.0522,2884.6100,1106.8189
2020-01,D,12534,9162,1587,0,PWORWGT,139.2907,95.1168,0.0479,2884.6100,1028.0943
2020-02,A,12473,3975,1518,0,PWORWGT,140.2267,46.3702,0.0505,2884.6100,1044.7505
2020-02,B,11606,4481,1221,0,PWORWGT,131.9532,51.8817,0.0507,2884.6100,1054.5566
2020-02,C,8008,2068,798,0,PWORWGT,91.8557,24.9000,0.0559,2884.6100,1126.3930
2020-02,D,12473,9112,1518,0,PWORWGT,140.2267,94.7781,0.0505,2884.6100,1044.7505
2020-03,A,11600,3944,1444,0,PWORWGT,137.6346,48.2005,0.0450,2884.6100,1037.6772
2020-03,B,10792,4465,1195,0,PWORWGT,129.8311,53.9433,0.0459,2884.6100,1046.8815
2020-03,C,7459,2059,790,0,PWORWGT,90.6763,25.6710,0.0485,2884.6100,1111.9884
2020-03,D,11600,8721,1444,0,PWORWGT,137.6346,97.2826,0.0450,2884.6100,1037.6772
2020-04,A,10110,5605,1327,0,PWORWGT,117.4224,69.3020,0.0433,2884.6100,1089.6757
2020-04,B,9468,5993,1074,0,PWORWGT,111.1358,73.4767,0.0429,2884.6100,1097.9019
2020-04,C,6634,3080,703,0,PWORWGT,79.1006,38.1092,0.0470,2884.6100,1158.7979
2020-04,D,10110,10537,1327,0,PWORWGT,117.4224,118.9653,0.0433,2884.6100,1089.6757
2020-05,A,10449,5263,1394,0,PWORWGT,121.1755,65.3550,0.0531,2884.6100,1104.5352
2020-05,B,9778,5630,1120,0,PWORWGT,114.7573,69.5804,0.0528,2884.6100,1110.3173
2020-05,C,6802,2917,777,0,PWORWGT,81.2026,35.9623,0.0543,2884.6100,1164.7974
2020-05,D,10449,10128,1394,0,PWORWGT,121.1755,115.2157,0.0531,2884.6100,1104.5352
2020-06,A,9853,4721,1296,0,PWORWGT,125.5735,60.9360,0.0491,2884.6100,1089.0950
2020-06,B,9183,5076,1054,0,PWORWGT,118.8557,65.1798,0.0493,2884.6100,1094.7498
2020-06,C,6347,2520,721,0,PWORWGT,83.3818,33.5788,0.0515,2884.6100,1172.5020
2020-06,D,9853,9568,1296,0,PWORWGT,125.5735,110.5572,0.0491,2884.6100,1089.0950
2020-07,A,9509,4165,1334,0,PWORWGT,126.6246,58.2769,0.0471,2884.6100,1091.8471
2020-07,B,8831,4592,1058,0,PWORWGT,119.5632,63.8629,0.0477,2884.6100,1096.7146
2020-07,C,6052,2344,698,0,PWORWGT,83.4644,33.6711,0.0511,2884.6100,1172.5804
2020-07,D,9509,8808,1334,0,PWORWGT,126.6246,109.2536,0.0471,2884.6100,1091.8471
2020-08,A,9995,3999,1299,0,PWORWGT,129.2448,55.3129,0.0514,2884.6100,1105.1435
2020-08,B,9329,4445,1049,0,PWORWGT,122.0957,61.1657,0.0514,2884.6100,1111.2204
2020-08,C,6510,2254,683,0,PWORWGT,85.2622,31.2634,0.0535,2884.6100,1182.3278
2020-08,D,9995,8743,1299,0,PWORWGT,129.2448,106.0960,0.0514,2884.6100,1105.1435
2020-09,A,11039,4527,1444,0,PWORWGT,129.9288,55.3886,0.0510,2884.6100,1079.1345
2020-09,B,10292,5010,1169,0,PWORWGT,122.5266,60.7149,0.0497,2884.6100,1082.9979
2020-09,C,7048,2508,756,0,PWORWGT,85.7923,31.1163,0.0547,2884.6100,1144.2514
2020-09,D,11039,9554,1444,0,PWORWGT,129.9288,105.9531,0.0510,2884.6100,1079.1345
2020-10,A,11557,4422,1587,0,PWORWGT,132.1513,52.4892,0.0503,2884.6100,1066.1894
2020-10,B,10764,4946,1301,0,PWORWGT,124.7441,58.5322,0.0501,2884.6100,1072.9776
2020-10,C,7430,2469,855,0,PWORWGT,86.8632,29.7824,0.0560,2884.6100,1143.9786
2020-10,D,11557,9441,1587,0,PWORWGT,132.1513,103.9233,0.0503,2884.6100,1066.1894
2020-11,A,11409,4528,1497,0,PWORWGT,132.5348,53.5698,0.0465,2884.6100,1056.5149
2020-11,B,10631,5023,1219,0,PWORWGT,124.9685,58.8551,0.0450,2884.6100,1057.9035
2020-11,C,7338,2453,840,0,PWORWGT,87.1735,29.9005,0.0487,2884.6100,1113.5165
2020-11,D,11409,9564,1497,0,PWORWGT,132.5348,104.0038,0.0465,2884.6100,1056.5149
2020-12,A,11266,4323,1433,0,PWORWGT,132.6229,53.5970,0.0458,2884.6100,1068.0076
2020-12,B,10516,4798,1136,0,PWORWGT,125.1558,58.8906,0.0446,2884.6100,1069.6530
2020-12,C,7361,2355,752,0,PWORWGT,87.6034,29.8949,0.0476,2884.6100,1137.9205
2020-12,D,11266,9263,1433,0,PWORWGT,132.6229,104.3468,0.0458,2884.6100,1068.0076
2021-01,A,11336,4374,1476,0,PWORWGT,131.3344,53.8334,0.0544,2884.6100,1071.9174
2021-01,B,10573,4916,1189,0,PWORWGT,123.9180,59.9403,0.0553,2884.6100,1078.2110
2021-01,C,7334,2459,793,0,PWORWGT,86.9113,30.3264,0.0598,2884.6100,1146.7729
2021-01,D,11336,9469,1476,0,PWORWGT,131.3344,105.3117,0.0544,2884.6100,1071.9174
2021-02,A,11094,4288,1341,0,PWORWGT,132.5112,53.0152,0.0519,2884.6100,1090.2129
2021-02,B,10363,4753,1078,0,PWORWGT,125.1775,58.5029,0.0511,2884.6100,1095.3213
2021-02,C,7268,2321,722,0,PWORWGT,87.4296,29.3320,0.0575,2884.6100,1175.6154
2021-02,D,11094,9167,1341,0,PWORWGT,132.5112,104.2433,0.0519,2884.6100,1090.2129
2021-03,A,11042,4126,1340,0,PWORWGT,132.7299,52.4002,0.0508,2884.6100,1085.1832
2021-03,B,10326,4603,1100,0,PWORWGT,125.3673,57.5339,0.0511,2884.6100,1091.4936
2021-03,C,7179,2232,767,0,PWORWGT,87.4465,28.7083,0.0564,2884.6100,1158.8143
2021-03,D,11042,8964,1340,0,PWORWGT,132.7299,103.3278,0.0508,2884.6100,1085.1832
2021-04,A,11565,4319,1452,0,PWORWGT,133.2350,51.5846,0.0523,2884.6100,1083.9151
2021-04,B,10845,4863,1222,0,PWORWGT,125.6635,57.3987,0.0521,2884.6100,1090.1112
2021-04,C,7498,2435,815,0,PWORWGT,87.7944,29.1096,0.0569,2884.6100,1157.3375
2021-04,D,11565,9373,1452,0,PWORWGT,133.2350,103.0074,0.0523,2884.6100,1083.9151
2021-05,A,11391,4255,1489,0,PWORWGT,133.3457,51.5752,0.0527,2884.6100,1086.3204
2021-05,B,10606,4700,1198,0,PWORWGT,125.8822,56.6866,0.0524,2884.6100,1095.7544
2021-05,C,7333,2360,827,0,PWORWGT,87.7967,28.7768,0.0581,2884.6100,1164.7687
2021-05,D,11391,9252,1489,0,PWORWGT,133.3457,102.8602,0.0527,2884.6100,1086.3204
2021-06,A,10919,4140,1462,0,PWORWGT,133.7393,50.9439,0.0501,2884.6100,1085.7182
2021-06,B,10198,4616,1186,0,PWORWGT,126.4881,56.5997,0.0500,2884.6100,1089.2813
2021-06,C,7061,2341,797,0,PWORWGT,87.4850,29.0107,0.0515,2884.6100,1164.3380
2021-06,D,10919,9118,1462,0,PWORWGT,133.7393,102.9749,0.0501,2884.6100,1085.7182
2021-07,A,10769,3902,1412,0,PWORWGT,134.3671,49.0339,0.0447,2884.6100,1090.8269
2021-07,B,10050,4430,1138,0,PWORWGT,127.1862,54.7741,0.0443,2884.6100,1095.0745
2021-07,C,6882,2296,788,0,PWORWGT,87.7445,28.6941,0.0492,2884.6100,1176.3091
2021-07,D,10769,8890,1412,0,PWORWGT,134.3671,101.4249,0.0447,2884.6100,1090.8269
2021-08,A,10885,3826,1460,0,PWORWGT,134.2101,49.4127,0.0504,2884.6100,1103.1858
2021-08,B,10168,4380,1203,0,PWORWGT,126.6389,56.0221,0.0509,2884.6100,1109.5626
2021-08,C,7063,2170,787,0,PWORWGT,88.1436,28.4556,0.0552,2884.6100,1175.9311
2021-08,D,10885,8827,1460,0,PWORWGT,134.2101,101.9645,0.0504,2884.6100,1103.1858
2021-09,A,10629,3679,1332,0,PWORWGT,135.4468,49.2623,0.0586,2884.6100,1135.6440
2021-09,B,9876,4176,1077,0,PWORWGT,127.5513,55.0108,0.0589,2884.6100,1148.2032
2021-09,C,6881,2036,733,0,PWORWGT,89.1133,27.4129,0.0650,2884.6100,1218.8605
2021-09,D,10629,8651,1332,0,PWORWGT,135.4468,101.1139,0.0586,2884.6100,1135.6440
2021-10,A,11142,3845,1521,0,PWORWGT,136.1971,47.8620,0.0514,2884.6100,1102.2229
2021-10,B,10402,4340,1220,0,PWORWGT,128.3543,53.6803,0.0522,2884.6100,1113.2433
2021-10,C,7227,2113,830,0,PWORWGT,89.5657,26.4767,0.0563,2884.6100,1182.1122
2021-10,D,11142,8659,1521,0,PWORWGT,136.1971,100.0913,0.0514,2884.6100,1102.2229
2021-11,A,10682,3529,1454,0,PWORWGT,137.1466,47.2647,0.0484,2884.6100,1105.9232
2021-11,B,9944,4002,1173,0,PWORWGT,129.1105,52.8894,0.0490,2884.6100,1116.1518
2021-11,C,6877,1923,827,0,PWORWGT,90.3564,26.2193,0.0511,2884.6100,1179.1497
2021-11,D,10682,8309,1454,0,PWORWGT,137.1466,99.2331,0.0484,2884.6100,1105.9232
2021-12,A,10682,3616,1404,0,PWORWGT,137.4080,46.7988,0.0572,2884.6100,1115.9611
2021-12,B,9937,4101,1130,0,PWORWGT,129.3035,52.8247,0.0579,2884.6100,1122.0641
2021-12,C,6931,2008,741,0,PWORWGT,90.6839,26.5590,0.0649,2884.6100,1194.3515
2021-12,D,10682,8361,1404,0,PWORWGT,137.4080,99.1515,0.0572,2884.6100,1115.9611
2022-01,A,10709,3658,1353,0,PWORWGT,137.5488,48.4471,0.0585,2884.6100,1121.7953
2022-01,B,9960,4192,1099,0,PWORWGT,129.7125,54.8370,0.0580,2884.6100,1126.1326
2022-01,C,6993,2043,707,0,PWORWGT,90.8637,26.8188,0.0640,2884.6100,1196.0926
2022-01,D,10709,8437,1353,0,PWORWGT,137.5488,100.4608,0.0585,2884.6100,1121.7953
2022-02,A,10798,3552,1389,0,PWORWGT,138.5549,47.0418,0.0588,2884.6100,1142.9975
2022-02,B,10032,4058,1115,0,PWORWGT,130.7221,53.6174,0.0592,2884.6100,1151.5697
2022-02,C,7066,1978,770,0,PWORWGT,91.3447,25.9344,0.0648,2884.6100,1232.3436
2022-02,D,10798,8297,1389,0,PWORWGT,138.5549,99.2616,0.0588,2884.6100,1142.9975
2022-03,A,10554,3375,1294,0,PWORWGT,139.5880,46.1328,0.0593,2884.6100,1128.1617
2022-03,B,9878,3874,1037,0,PWORWGT,131.7475,52.1722,0.0594,2884.6100,1134.6615
2022-03,C,6924,1842,723,0,PWORWGT,91.9182,25.2051,0.0661,2884.6100,1213.9778
2022-03,D,10554,8082,1294,0,PWORWGT,139.5880,97.8716,0.0593,2884.6100,1128.1617
2022-04,A,10698,3666,1298,0,PWORWGT,139.1754,47.5692,0.0575,2884.6100,1142.0130
2022-04,B,9970,4130,1060,0,PWORWGT,131.3803,53.4202,0.0569,2884.6100,1149.8409
2022-04,C,6888,1932,710,0,PWORWGT,91.8725,25.7843,0.0592,2884.6100,1226.1978
2022-04,D,10698,8571,1298,0,PWORWGT,139.1754,98.9424,0.0575,2884.6100,1142.0130
2022-05,A,10891,3587,1414,0,PWORWGT,139.2532,45.8807,0.0635,2884.6100,1155.7538
2022-05,B,10149,4063,1126,0,PWORWGT,131.4040,51.7559,0.0634,2884.6100,1163.2013
2022-05,C,6973,1927,768,0,PWORWGT,91.7681,25.0045,0.0677,2884.6100,1235.3548
2022-05,D,10891,8442,1414,0,PWORWGT,139.2532,97.9960,0.0635,2884.6100,1155.7538
2022-06,A,10545,3594,1396,0,PWORWGT,139.1607,46.3429,0.0606,2884.6100,1152.1142
2022-06,B,9853,4059,1144,0,PWORWGT,131.4487,52.3076,0.0616,2884.6100,1158.9070
2022-06,C,6869,2023,801,0,PWORWGT,91.0935,25.8850,0.0691,2884.6100,1243.5014
2022-06,D,10545,8390,1396,0,PWORWGT,139.1607,98.7479,0.0606,2884.6100,1152.1142
2022-07,A,10768,3410,1399,0,PWORWGT,139.7089,45.7766,0.0617,2884.6100,1166.2910
2022-07,B,10056,3906,1158,0,PWORWGT,131.9634,51.9270,0.0619,2884.6100,1174.7731
2022-07,C,6897,1980,814,0,PWORWGT,91.1093,26.2368,0.0707,2884.6100,1256.1756
2022-07,D,10768,8254,1399,0,PWORWGT,139.7089,98.6208,0.0617,2884.6100,1166.2910
2022-08,A,10900,3413,1405,0,PWORWGT,139.5147,45.9475,0.0591,2884.6100,1173.2352
2022-08,B,10158,3938,1149,0,PWORWGT,131.6192,52.7178,0.0595,2884.6100,1181.4796
2022-08,C,7075,1893,778,0,PWORWGT,91.7424,25.4415,0.0630,2884.6100,1264.9681
2022-08,D,10900,8405,1405,0,PWORWGT,139.5147,98.9658,0.0591,2884.6100,1173.2352
2022-09,A,10579,3449,1293,0,PWORWGT,140.0209,46.1320,0.0636,2884.6100,1187.3694
2022-09,B,9817,3905,1038,0,PWORWGT,131.8215,51.8765,0.0642,2884.6100,1198.3060
2022-09,C,6840,1862,716,0,PWORWGT,92.2990,25.1005,0.0694,2884.6100,1267.9082
2022-09,D,10579,8440,1293,0,PWORWGT,140.0209,97.9212,0.0636,2884.6100,1187.3694
2022-10,A,10605,3377,1387,0,PWORWGT,139.8246,45.3052,0.0611,2884.6100,1183.4305
2022-10,B,9838,3886,1097,0,PWORWGT,131.3541,51.7776,0.0618,2884.6100,1196.6163
2022-10,C,6840,1884,766,0,PWORWGT,91.7715,25.2188,0.0687,2884.6100,1277.6544
2022-10,D,10605,8162,1387,0,PWORWGT,139.8246,98.1355,0.0611,2884.6100,1183.4305
2022-11,A,10525,3226,1340,0,PWORWGT,139.7421,46.1944,0.0576,2884.6100,1165.4896
2022-11,B,9750,3708,1082,0,PWORWGT,131.4720,52.3459,0.0573,2884.6100,1172.4664
2022-11,C,6827,1757,765,0,PWORWGT,91.7739,25.5502,0.0625,2884.6100,1254.7079
2022-11,D,10525,7997,1340,0,PWORWGT,139.7421,98.6974,0.0576,2884.6100,1165.4896
2022-12,A,10058,3428,1325,0,PWORWGT,140.0951,46.2882,0.0611,2884.6100,1165.8556
2022-12,B,9309,3843,1066,0,PWORWGT,131.8037,51.8759,0.0605,2884.6100,1172.1590
2022-12,C,6460,1869,738,0,PWORWGT,92.1215,25.6027,0.0681,2884.6100,1251.7954
2022-12,D,10058,8165,1325,0,PWORWGT,140.0951,98.5810,0.0611,2884.6100,1165.8556
2023-01,A,10377,3358,1311,0,PWORWGT,140.3907,46.9278,0.0698,2884.6100,1182.1306
2023-01,B,9645,3858,1061,0,PWORWGT,132.3162,53.0297,0.0703,2884.6100,1194.7203
2023-01,C,6659,1810,738,0,PWORWGT,92.4078,25.6878,0.0771,2884.6100,1275.5822
2023-01,D,10377,8111,1311,0,PWORWGT,140.3907,100.0200,0.0698,2884.6100,1182.1306
2023-02,A,9874,3049,1284,0,PWORWGT,141.1028,45.6324,0.0681,2884.6100,1196.7612
2023-02,B,9172,3537,1029,0,PWORWGT,133.0732,51.9582,0.0692,2884.6100,1206.5026
2023-02,C,6409,1698,701,0,PWORWGT,92.9418,25.0492,0.0776,2884.6100,1287.9054
2023-02,D,9874,7761,1284,0,PWORWGT,141.1028,99.3016,0.0681,2884.6100,1196.7612
2023-03,A,9912,3085,1199,0,PWORWGT,142.4746,45.0100,0.0657,2884.6100,1184.8424
2023-03,B,9229,3523,947,0,PWORWGT,134.3482,51.2075,0.0663,2884.6100,1198.5291
2023-03,C,6425,1677,619,0,PWORWGT,93.6398,24.8506,0.0727,2884.6100,1270.2508
2023-03,D,9912,7746,1199,0,PWORWGT,142.4746,98.3843,0.0657,2884.6100,1184.8424
2023-04,A,10189,3135,1224,0,PWORWGT,142.6557,45.4846,0.0489,9646.4600,1233.0545
2023-04,B,9461,3549,995,0,PWORWGT,134.3592,51.3859,0.0492,9646.4600,1241.6534
2023-04,C,6587,1671,695,0,PWORWGT,93.5938,24.4572,0.0552,9646.4600,1355.5878
2023-04,D,10189,7852,1224,0,PWORWGT,142.6557,98.0597,0.0489,9646.4600,1233.0545
2023-05,A,10285,3254,1273,0,PWORWGT,142.5019,45.7405,0.0470,10792.4000,1225.0662
2023-05,B,9572,3704,1043,0,PWORWGT,134.2275,51.5695,0.0478,10792.4000,1241.0994
2023-05,C,6642,1732,718,0,PWORWGT,93.5931,24.2337,0.0535,10792.4000,1334.0435
2023-05,D,10285,8022,1273,0,PWORWGT,142.5019,98.5878,0.0470,10792.4000,1225.0662
2023-06,A,10217,3140,1311,0,PWORWGT,142.3021,45.2337,0.0486,6891.8900,1240.3774
2023-06,B,9531,3513,1035,0,PWORWGT,134.1848,50.5361,0.0475,6891.8900,1247.6926
2023-06,C,6651,1677,724,0,PWORWGT,93.0139,24.4579,0.0517,6891.8900,1343.3054
2023-06,D,10217,7774,1311,0,PWORWGT,142.3021,98.4648,0.0486,6891.8900,1240.3774
2023-07,A,10338,3244,1343,0,PWORWGT,142.3908,45.3974,0.0509,9088.5500,1261.8836
2023-07,B,9600,3663,1099,0,PWORWGT,134.0796,51.0188,0.0516,9088.5500,1274.8789
2023-07,C,6632,1804,743,0,PWORWGT,92.8478,25.2537,0.0535,9088.5500,1359.0707
2023-07,D,10338,8129,1343,0,PWORWGT,142.3908,98.4627,0.0509,9088.5500,1261.8836
2023-08,A,10699,3265,1285,0,PWORWGT,142.2555,44.9715,0.0533,9189.0700,1260.8084
2023-08,B,9951,3760,1062,0,PWORWGT,133.9373,51.2157,0.0546,9189.0700,1275.9029
2023-08,C,6880,1793,724,0,PWORWGT,93.2433,24.9217,0.0611,9189.0700,1366.4129
2023-08,D,10699,8183,1285,0,PWORWGT,142.2555,98.8028,0.0533,9189.0700,1260.8084
2023-09,A,10348,3336,1262,0,PWORWGT,142.7547,46.5511,0.0563,9356.7100,1285.5510
2023-09,B,9608,3715,1019,0,PWORWGT,134.2928,50.9133,0.0562,9356.7100,1291.3987
2023-09,C,6635,1736,684,0,PWORWGT,93.9033,24.2592,0.0588,9356.7100,1370.3312
2023-09,D,10348,8162,1262,0,PWORWGT,142.7547,98.4393,0.0563,9356.7100,1285.5510
2023-10,A,10690,3283,1380,0,PWORWGT,142.9261,46.0995,0.0524,7717.6900,1257.3253
2023-10,B,9856,3656,1116,0,PWORWGT,134.4199,51.1148,0.0530,7717.6900,1273.7796
2023-10,C,6949,1725,764,0,PWORWGT,94.0277,24.3798,0.0592,7717.6900,1367.5759
2023-10,D,10690,8020,1380,0,PWORWGT,142.9261,98.9953,0.0524,7717.6900,1257.3253
2023-11,A,10610,3265,1287,0,PWORWGT,143.3802,45.2614,0.0522,8390.6700,1254.2880
2023-11,B,9761,3776,1039,0,PWORWGT,134.7932,51.4476,0.0529,8390.6700,1267.5984
2023-11,C,6836,1762,707,0,PWORWGT,94.1417,24.3698,0.0595,8390.6700,1378.3984
2023-11,D,10610,8076,1287,0,PWORWGT,143.3802,98.7668,0.0522,8390.6700,1254.2880
2023-12,A,10244,3158,1288,0,PWORWGT,142.0922,45.2977,0.0521,8608.6400,1269.7707
2023-12,B,9465,3560,1029,0,PWORWGT,133.7356,51.3878,0.0529,8608.6400,1285.6393
2023-12,C,6619,1732,709,0,PWORWGT,93.4969,25.0505,0.0580,8608.6400,1388.3789
2023-12,D,10244,8013,1288,0,PWORWGT,142.0922,99.5465,0.0521,8608.6400,1269.7707
2024-01,A,10481,3417,1338,0,PWORWGT,141.3222,46.4698,0.0576,11256.2700,1301.2803
2024-01,B,9716,3841,1075,0,PWORWGT,133.0304,52.0904,0.0573,11256.2700,1310.0589
2024-01,C,6824,1826,745,0,PWORWGT,93.3396,25.4516,0.0627,11256.2700,1415.7761
2024-01,D,10481,8395,1338,0,PWORWGT,141.3222,100.2697,0.0576,11256.2700,1301.2803
2024-02,A,10085,3255,1236,0,PWORWGT,141.8369,45.4080,0.0497,8672.0100,1250.8425
2024-02,B,9356,3693,1011,0,PWORWGT,133.3135,51.5220,0.0494,8672.0100,1258.4455
2024-02,C,6635,1775,689,0,PWORWGT,93.5760,24.8826,0.0553,8672.0100,1350.1527
2024-02,D,10085,7975,1236,0,PWORWGT,141.8369,99.7581,0.0497,8672.0100,1250.8425
2024-03,A,9982,3001,1233,0,PWORWGT,142.4869,44.8859,0.0474,8271.0200,1251.8696
2024-03,B,9267,3418,981,0,PWORWGT,133.9702,50.9855,0.0478,8271.0200,1268.3894
2024-03,C,6435,1593,665,0,PWORWGT,93.7937,24.5508,0.0549,8271.0200,1373.5807
2024-03,D,9982,7619,1233,0,PWORWGT,142.4869,99.0875,0.0474,8271.0200,1251.8696
2024-04,A,10293,3173,1244,0,PWORWGT,142.7489,46.1188,0.0314,8686.1100,1390.7858
2024-04,B,9511,3559,1014,0,PWORWGT,134.2193,52.0049,0.0307,8686.1100,1399.7985
2024-04,C,6610,1707,716,0,PWORWGT,94.0781,24.5210,0.0343,8686.1100,1524.4653
2024-04,D,10293,7955,1244,0,PWORWGT,142.7489,99.7335,0.0314,8686.1100,1390.7858
2024-05,A,10407,3371,1331,0,PWORWGT,142.2182,46.7733,,7940.3900,1322.7825
2024-05,B,9628,3738,1096,0,PWORWGT,133.7506,51.4889,,7940.3900,1336.4732
2024-05,C,6633,1765,760,0,PWORWGT,94.0849,24.5343,,7940.3900,1449.6275
2024-05,D,10407,8111,1331,0,PWORWGT,142.2182,99.7870,,7940.3900,1322.7825
2024-06,A,10348,3187,1337,0,PWORWGT,142.2986,45.1580,0.0322,10772.8300,1450.8744
2024-06,B,9636,3582,1055,0,PWORWGT,134.0206,50.7716,0.0314,10772.8300,1453.5206
2024-06,C,6764,1758,714,0,PWORWGT,93.6497,25.1820,0.0337,10772.8300,1567.1443
2024-06,D,10348,7994,1337,0,PWORWGT,142.2986,99.8526,0.0322,10772.8300,1450.8744
2024-07,A,10165,3167,1261,0,PWORWGT,142.5173,45.9091,0.0338,8058.1100,1388.8355
2024-07,B,9467,3586,1014,0,PWORWGT,133.9893,51.4687,0.0336,8058.1100,1400.2088
2024-07,C,6550,1710,687,0,PWORWGT,93.4201,25.0931,0.0360,8058.1100,1500.3884
2024-07,D,10165,8140,1261,0,PWORWGT,142.5173,99.9454,0.0338,8058.1100,1388.8355
2024-08,A,10440,3237,1298,0,PWORWGT,141.9187,45.6634,0.0323,11952.5300,1486.6756
2024-08,B,9646,3695,1038,0,PWORWGT,133.1466,52.5690,0.0323,11952.5300,1499.9806
2024-08,C,6717,1809,709,0,PWORWGT,93.4220,25.0520,0.0354,11952.5300,1616.5255
2024-08,D,10440,8055,1298,0,PWORWGT,141.9187,100.6980,0.0323,11952.5300,1486.6756
2024-09,A,10387,3222,1372,0,PWORWGT,142.7580,45.8462,0.0323,10208.9800,1460.8610
2024-09,B,9595,3618,1110,0,PWORWGT,133.6904,51.3343,0.0322,10208.9800,1472.5640
2024-09,C,6789,1685,762,0,PWORWGT,94.1825,24.0206,0.0339,10208.9800,1572.6722
2024-09,D,10387,8024,1372,0,PWORWGT,142.7580,99.6808,0.0323,10208.9800,1460.8610
2024-10,A,10438,3255,1330,0,PWORWGT,142.9447,46.2120,0.0313,8962.7100,1412.2120
2024-10,B,9586,3595,1066,0,PWORWGT,133.8850,51.2411,0.0318,8962.7100,1425.5069
2024-10,C,6678,1675,757,0,PWORWGT,94.0766,24.5255,0.0332,8962.7100,1512.8669
2024-10,D,10438,7992,1330,0,PWORWGT,142.9447,99.8282,0.0313,8962.7100,1412.2120
2024-11,A,10410,3377,1262,0,PWORWGT,142.7924,46.7220,0.0322,8894.6700,1412.0045
2024-11,B,9675,3746,1007,0,PWORWGT,134.0772,51.6502,0.0313,8894.6700,1417.1460
2024-11,C,6748,1791,689,0,PWORWGT,94.0946,24.6850,0.0361,8894.6700,1542.5682
2024-11,D,10410,8145,1262,0,PWORWGT,142.7924,100.7442,0.0322,8894.6700,1412.0045
2024-12,A,10229,3235,1341,0,PWORWGT,142.4247,45.8058,0.0304,8947.5100,1422.5749
2024-12,B,9456,3617,1093,0,PWORWGT,133.8833,51.7362,0.0312,8947.5100,1441.5412
2024-12,C,6630,1767,772,0,PWORWGT,93.8520,25.0530,0.0353,8947.5100,1557.4679
2024-12,D,10229,8016,1341,0,PWORWGT,142.4247,100.9563,0.0304,8947.5100,1422.5749
2025-01,A,10358,3394,1312,0,PWORWGT,143.8823,48.1688,0.0301,9018.4200,1428.0475
2025-01,B,9576,3725,1058,0,PWORWGT,135.3809,52.7607,0.0300,9018.4200,1441.6484
2025-01,C,6712,1815,732,0,PWORWGT,95.2160,25.7681,0.0345,9018.4200,1556.0783
2025-01,D,10358,8266,1312,0,PWORWGT,143.8823,102.5293,0.0301,9018.4200,1428.0475
2025-02,A,10125,3168,1253,0,PWORWGT,144.0409,46.6126,0.0281,8115.0600,1388.5027
2025-02,B,9376,3584,1013,0,PWORWGT,135.4829,52.4623,0.0285,8115.0600,1402.1944
2025-02,C,6581,1733,702,0,PWORWGT,95.4611,25.4944,0.0302,8115.0600,1492.5002
2025-02,D,10125,7979,1253,0,PWORWGT,144.0409,102.2298,0.0281,8115.0600,1388.5027
2025-03,A,9814,3028,1222,0,PWORWGT,144.7531,46.7877,0.0330,10066.3700,1473.5632
2025-03,B,9111,3384,999,0,PWORWGT,136.1715,52.2720,0.0334,10066.3700,1489.4206
2025-03,C,6354,1602,662,0,PWORWGT,95.7876,25.6904,0.0377,10066.3700,1625.4094
2025-03,D,9814,7560,1222,0,PWORWGT,144.7531,102.0493,0.0330,10066.3700,1473.5632
2025-04,A,9875,3059,1216,0,PWORWGT,145.1484,46.9182,0.0326,8686.4500,1452.7612
2025-04,B,9113,3364,977,0,PWORWGT,136.4784,51.6803,0.0334,8686.4500,1469.6819
2025-04,C,6372,1601,690,0,PWORWGT,95.9758,24.7368,0.0391,8686.4500,1609.1998
2025-04,D,9875,7678,1216,0,PWORWGT,145.1484,101.7121,0.0326,8686.4500,1452.7612
2025-05,A,9655,3122,1224,0,PWORWGT,144.6423,47.1639,0.0299,9918.0000,1436.8237
2025-05,B,8898,3481,958,0,PWORWGT,135.9733,52.1798,0.0294,9918.0000,1447.4637
2025-05,C,6201,1667,647,0,PWORWGT,95.7192,25.4092,0.0342,9918.0000,1578.7770
2025-05,D,9655,7855,1224,0,PWORWGT,144.6423,102.4402,0.0299,9918.0000,1436.8237
2025-06,A,9756,2966,1240,0,PWORWGT,144.7777,45.6636,0.0301,13145.8100,1498.7008
2025-06,B,9064,3420,996,0,PWORWGT,136.0806,52.1069,0.0299,13145.8100,1503.9785
2025-06,C,6275,1677,673,0,PWORWGT,95.4938,25.5069,0.0316,13145.8100,1616.0761
2025-06,D,9756,7820,1240,0,PWORWGT,144.7777,102.5333,0.0301,13145.8100,1498.7008
2025-07,A,9444,2967,1143,0,PWORWGT,144.8066,46.4096,0.0292,6930.6400,1371.5947
2025-07,B,8758,3400,906,0,PWORWGT,136.0768,52.4523,0.0294,6930.6400,1384.3464
2025-07,C,6070,1639,617,0,PWORWGT,95.0783,26.2304,0.0346,6930.6400,1504.1986
2025-07,D,9444,7761,1143,0,PWORWGT,144.8066,102.7093,0.0292,6930.6400,1371.5947
2025-08,A,9875,3096,1305,0,PWORWGT,143.9202,47.6078,0.0313,7785.8800,1438.4184
2025-08,B,9174,3483,1043,0,PWORWGT,135.1518,53.1832,0.0314,7785.8800,1448.8329
2025-08,C,6366,1645,717,0,PWORWGT,95.2364,25.3187,0.0328,7785.8800,1541.5123
2025-08,D,9875,8053,1305,0,PWORWGT,143.9202,103.7811,0.0313,7785.8800,1438.4184
2025-09,A,9933,3079,1259,0,PWORWGT,144.6511,46.8361,0.0309,9640.9800,1476.5164
2025-09,B,9147,3458,1016,0,PWORWGT,135.5563,52.1624,0.0306,9640.9800,1486.4940
2025-09,C,6428,1610,703,0,PWORWGT,95.9751,24.9154,0.0356,9640.9800,1616.6079
2025-09,D,9933,7821,1259,0,PWORWGT,144.6511,102.7585,0.0309,9640.9800,1476.5164
2025-11,A,9610,3030,1234,0,PWORWGT,144.6141,47.1343,0.0323,13258.2300,1548.1679
2025-11,B,8837,3340,988,0,PWORWGT,135.5963,52.6178,0.0321,13258.2300,1560.6071
2025-11,C,6178,1597,686,0,PWORWGT,95.8121,25.3546,0.0364,13258.2300,1695.1917
2025-11,D,9610,7696,1234,0,PWORWGT,144.6141,103.3688,0.0323,13258.2300,1548.1679
2025-12,A,9519,2960,1226,0,PWORWGT,144.9989,47.1006,0.0320,7888.0400,1412.9717
2025-12,B,8752,3261,1008,0,PWORWGT,136.0793,51.9841,0.0330,7888.0400,1432.2205
2025-12,C,6108,1573,669,0,PWORWGT,96.2019,25.5911,0.0381,7888.0400,1563.0203
2025-12,D,9519,7649,1226,0,PWORWGT,144.9989,103.1725,0.0320,7888.0400,1412.9717
2026-01,A,9089,2875,1154,0,PWORWGT,143.4707,47.5584,0.0314,10838.5500,1518.8405
2026-01,B,8347,3174,908,0,PWORWGT,134.3983,52.4971,0.0317,10838.5500,1529.3865
2026-01,C,5802,1509,596,0,PWORWGT,94.8619,25.7105,0.0370,10838.5500,1672.6803
2026-01,D,9089,7401,1154,0,PWORWGT,143.4707,105.3992,0.0314,10838.5500,1518.8405
2026-02,A,9515,3009,1212,0,PWORWGT,143.6752,47.3444,0.0318,9037.2700,1459.0017
2026-02,B,8712,3377,994,0,PWORWGT,134.6493,52.2745,0.0314,9037.2700,1473.6567
2026-02,C,6121,1585,682,0,PWORWGT,94.8485,25.2711,0.0333,9037.2700,1575.5644
2026-02,D,9515,7818,1212,0,PWORWGT,143.6752,104.7974,0.0318,9037.2700,1459.0017
2026-03,A,9343,2910,1173,0,PWORWGT,144.5471,46.3863,0.0321,8916.2100,1471.4952
2026-03,B,8602,3277,946,0,PWORWGT,135.5835,52.0292,0.0323,8916.2100,1483.4864
2026-03,C,5973,1534,642,0,PWORWGT,95.4339,25.1304,0.0342,8916.2100,1589.1729
2026-03,D,9343,7602,1173,0,PWORWGT,144.5471,104.6577,0.0321,8916.2100,1471.4952
2026-04,A,9483,3024,1168,0,PWORWGT,144.4081,47.1680,0.0314,10497.9400,1511.0735
2026-04,B,8731,3335,955,0,PWORWGT,135.2857,51.8688,0.0319,10497.9400,1528.7201
2026-04,C,6184,1554,668,0,PWORWGT,95.5184,24.6345,0.0363,10497.9400,1664.7931
2026-04,D,9483,7845,1168,0,PWORWGT,144.4081,104.6778,0.0314,10497.9400,1511.0735
2026-05,A,9754,2904,1165,0,PWORWGT,144.4895,47.0482,0.0320,8961.9900,1482.0477
2026-05,B,8966,3233,922,0,PWORWGT,135.4295,51.6407,0.0315,8961.9900,1493.4163
2026-05,C,6260,1534,621,0,PWORWGT,95.5577,24.9263,0.0362,8961.9900,1629.9558
2026-05,D,9754,7761,1165,0,PWORWGT,144.4895,104.8813,0.0320,8961.9900,1482.0477
2026-06,A,9414,2973,1177,0,PWORWGT,144.0270,47.0987,0.0303,11795.9200,1521.2271
2026-06,B,8624,3336,934,0,PWORWGT,134.8535,52.2463,0.0309,11795.9200,1538.2616
2026-06,C,6032,1598,632,0,PWORWGT,94.4801,26.0862,0.0352,11795.9200,1678.2570
2026-06,D,9414,7938,1177,0,PWORWGT,144.0270,105.7539,0.0303,11795.9200,1521.2271
2026-07,A,9280,2975,1199,0,PWORWGT,143.9852,47.2761,0.0296,10779.5500,1494.5878
2026-07,B,8561,3316,974,0,PWORWGT,135.0975,51.7353,0.0295,10779.5500,1510.0732
2026-07,C,5909,1640,656,0,PWORWGT,94.3423,26.0898,0.0337,10779.5500,1649.5347
2026-07,D,9280,7924,1199,0,PWORWGT,143.9852,105.5840,0.0296,10779.5500,1494.5878
2026-08,A,9599,3029,1262,0,PWORWGT,143.7951,47.1920,0.0287,10570.2100,1488.7727
2026-08,B,8888,3453,1003,0,PWORWGT,134.9077,53.1479,0.0289,10570.2100,1505.6596
2026-08,C,6197,1642,709,0,PWORWGT,94.5188,25.8713,0.0289,10570.2100,1593.6234
2026-08,D,9599,7985,1262,0,PWORWGT,143.7951,106.1533,0.0287,10570.2100,1488.7727
